--
-- PostgreSQL database dump
--

-- Dumped from database version 17.4
-- Dumped by pg_dump version 17.5 (Homebrew)

-- Started on 2025-07-28 10:20:28 KST

SET statement_timeout = 0;
SET lock_timeout = 0;
SET idle_in_transaction_session_timeout = 0;
SET transaction_timeout = 0;
SET client_encoding = 'UTF8';
SET standard_conforming_strings = on;
SELECT pg_catalog.set_config('search_path', '', false);
SET check_function_bodies = false;
SET xmloption = content;
SET client_min_messages = warning;
SET row_security = off;

--
-- TOC entry 8 (class 2615 OID 18191)
-- Name: public; Type: SCHEMA; Schema: -; Owner: -
--

-- *not* creating schema, since initdb creates it


--
-- TOC entry 5628 (class 0 OID 0)
-- Dependencies: 8
-- Name: SCHEMA public; Type: COMMENT; Schema: -; Owner: -
--

COMMENT ON SCHEMA public IS '';


--
-- TOC entry 9 (class 2615 OID 17552)
-- Name: topology; Type: SCHEMA; Schema: -; Owner: -
--

CREATE SCHEMA topology;


--
-- TOC entry 5630 (class 0 OID 0)
-- Dependencies: 9
-- Name: SCHEMA topology; Type: COMMENT; Schema: -; Owner: -
--

COMMENT ON SCHEMA topology IS 'PostGIS Topology schema';


--
-- TOC entry 4 (class 3079 OID 25849)
-- Name: pgcrypto; Type: EXTENSION; Schema: -; Owner: -
--

CREATE EXTENSION IF NOT EXISTS pgcrypto WITH SCHEMA public;


--
-- TOC entry 5631 (class 0 OID 0)
-- Dependencies: 4
-- Name: EXTENSION pgcrypto; Type: COMMENT; Schema: -; Owner: -
--

COMMENT ON EXTENSION pgcrypto IS 'cryptographic functions';


--
-- TOC entry 2 (class 3079 OID 21004)
-- Name: postgis; Type: EXTENSION; Schema: -; Owner: -
--

CREATE EXTENSION IF NOT EXISTS postgis WITH SCHEMA public;


--
-- TOC entry 5632 (class 0 OID 0)
-- Dependencies: 2
-- Name: EXTENSION postgis; Type: COMMENT; Schema: -; Owner: -
--

COMMENT ON EXTENSION postgis IS 'PostGIS geometry and geography spatial types and functions';


--
-- TOC entry 3 (class 3079 OID 22078)
-- Name: postgis_topology; Type: EXTENSION; Schema: -; Owner: -
--

CREATE EXTENSION IF NOT EXISTS postgis_topology WITH SCHEMA topology;


--
-- TOC entry 5633 (class 0 OID 0)
-- Dependencies: 3
-- Name: EXTENSION postgis_topology; Type: COMMENT; Schema: -; Owner: -
--

COMMENT ON EXTENSION postgis_topology IS 'PostGIS topology spatial types and functions';


SET default_tablespace = '';

SET default_table_access_method = heap;

--
-- TOC entry 256 (class 1259 OID 22344)
-- Name: admins; Type: TABLE; Schema: public; Owner: -
--

CREATE TABLE public.admins (
                               admin_id bigint NOT NULL,
                               admin_name character varying(255),
                               admin_email character varying(255),
                               admin_password character varying(255),
                               admin_role character varying(255) NOT NULL
);


--
-- TOC entry 255 (class 1259 OID 22343)
-- Name: admins_admin_id_seq; Type: SEQUENCE; Schema: public; Owner: -
--

ALTER TABLE public.admins ALTER COLUMN admin_id ADD GENERATED BY DEFAULT AS IDENTITY (
    SEQUENCE NAME public.admins_admin_id_seq
    START WITH 1
    INCREMENT BY 1
    NO MINVALUE
    NO MAXVALUE
    CACHE 1
);


--
-- TOC entry 244 (class 1259 OID 22298)
-- Name: commoncode; Type: TABLE; Schema: public; Owner: -
--

CREATE TABLE public.commoncode (
                                   groupcode_id character varying NOT NULL,
                                   coomoncode_id character varying NOT NULL,
                                   code_desc character varying
);


--
-- TOC entry 273 (class 1259 OID 25961)
-- Name: coupon_template; Type: TABLE; Schema: public; Owner: -
--

CREATE TABLE public.coupon_template (
                                        coupon_template_id bigint NOT NULL,
                                        coupon_end timestamp(6) without time zone,
                                        coupon_name character varying(255),
                                        coupon_start timestamp(6) without time zone,
                                        discount_code character varying(255),
                                        discount_policy_detail_id bigint,
                                        marker_code character varying(255),
                                        membership_code character varying(255),
                                        remaining_quantity integer,
                                        unear_event_id bigint
);


--
-- TOC entry 252 (class 1259 OID 22328)
-- Name: coupon_templates; Type: TABLE; Schema: public; Owner: -
--

CREATE TABLE public.coupon_templates (
                                         coupon_template_id bigint NOT NULL,
                                         discount_policy_detail_id bigint,
                                         coupon_name character varying(255),
                                         remaining_quantity integer,
                                         coupon_start timestamp(6) without time zone,
                                         coupon_end timestamp(6) without time zone,
                                         discount_code character varying(255),
                                         membership_code character varying(255),
                                         marker_code character varying(255),
                                         unear_event_id bigint
);


--
-- TOC entry 251 (class 1259 OID 22327)
-- Name: coupon_templates_coupon_templates_id_seq; Type: SEQUENCE; Schema: public; Owner: -
--

ALTER TABLE public.coupon_templates ALTER COLUMN coupon_template_id ADD GENERATED BY DEFAULT AS IDENTITY (
    SEQUENCE NAME public.coupon_templates_coupon_templates_id_seq
    START WITH 1
    INCREMENT BY 1
    NO MINVALUE
    NO MAXVALUE
    CACHE 1
);


--
-- TOC entry 233 (class 1259 OID 22253)
-- Name: general_discount_policy; Type: TABLE; Schema: public; Owner: -
--

CREATE TABLE public.general_discount_policy (
                                                general_discount_policy_id bigint NOT NULL,
                                                place_id bigint NOT NULL,
                                                unit_base_amount integer,
                                                fixed_discount integer,
                                                discount_percent integer,
                                                min_purchase_amount integer,
                                                max_discount_amount integer,
                                                discount_code character varying(255),
                                                membership_code character varying(255),
                                                marker_code character varying(255)
);


--
-- TOC entry 232 (class 1259 OID 22252)
-- Name: discount_policy_detail_discount_policy_detail_id_seq; Type: SEQUENCE; Schema: public; Owner: -
--

ALTER TABLE public.general_discount_policy ALTER COLUMN general_discount_policy_id ADD GENERATED BY DEFAULT AS IDENTITY (
    SEQUENCE NAME public.discount_policy_detail_discount_policy_detail_id_seq
    START WITH 1
    INCREMENT BY 1
    NO MINVALUE
    NO MAXVALUE
    CACHE 1
);


--
-- TOC entry 264 (class 1259 OID 22372)
-- Name: event_places; Type: TABLE; Schema: public; Owner: -
--

CREATE TABLE public.event_places (
                                     event_place_id bigint NOT NULL,
                                     unear_event_id bigint NOT NULL,
                                     place_id bigint NOT NULL,
                                     event_code character varying(255)
);


--
-- TOC entry 263 (class 1259 OID 22371)
-- Name: event_places_event_places_id_seq; Type: SEQUENCE; Schema: public; Owner: -
--

ALTER TABLE public.event_places ALTER COLUMN event_place_id ADD GENERATED BY DEFAULT AS IDENTITY (
    SEQUENCE NAME public.event_places_event_places_id_seq
    START WITH 1
    INCREMENT BY 1
    NO MINVALUE
    NO MAXVALUE
    CACHE 1
);


--
-- TOC entry 260 (class 1259 OID 22360)
-- Name: favorite_places; Type: TABLE; Schema: public; Owner: -
--

CREATE TABLE public.favorite_places (
                                        favorite_place_id bigint NOT NULL,
                                        place_id bigint NOT NULL,
                                        user_id bigint NOT NULL,
                                        created_at timestamp(6) without time zone,
                                        deleted_at timestamp(6) without time zone,
                                        is_favorited boolean
);


--
-- TOC entry 259 (class 1259 OID 22359)
-- Name: favorite_places_favorite_places_id_seq; Type: SEQUENCE; Schema: public; Owner: -
--

ALTER TABLE public.favorite_places ALTER COLUMN favorite_place_id ADD GENERATED BY DEFAULT AS IDENTITY (
    SEQUENCE NAME public.favorite_places_favorite_places_id_seq
    START WITH 1
    INCREMENT BY 1
    NO MINVALUE
    NO MAXVALUE
    CACHE 1
);


--
-- TOC entry 258 (class 1259 OID 22352)
-- Name: franchise_discount_policy; Type: TABLE; Schema: public; Owner: -
--

CREATE TABLE public.franchise_discount_policy (
                                                  franchise_id bigint NOT NULL,
                                                  membership_code character varying(255),
                                                  discount_code character varying(255),
                                                  unit_base_amount integer,
                                                  fixed_discount integer,
                                                  discount_percent integer,
                                                  min_purchase_amount integer,
                                                  max_discount_amount integer,
                                                  franchise_discount_policy_id bigint NOT NULL
);


--
-- TOC entry 267 (class 1259 OID 22890)
-- Name: franchise_discount_policy_id_seq; Type: SEQUENCE; Schema: public; Owner: -
--

CREATE SEQUENCE public.franchise_discount_policy_id_seq
    AS integer
    START WITH 1
    INCREMENT BY 1
    NO MINVALUE
    NO MAXVALUE
    CACHE 1;


--
-- TOC entry 5634 (class 0 OID 0)
-- Dependencies: 267
-- Name: franchise_discount_policy_id_seq; Type: SEQUENCE OWNED BY; Schema: public; Owner: -
--

ALTER SEQUENCE public.franchise_discount_policy_id_seq OWNED BY public.franchise_discount_policy.franchise_discount_policy_id;


--
-- TOC entry 257 (class 1259 OID 22351)
-- Name: franchise_franchise_id_seq; Type: SEQUENCE; Schema: public; Owner: -
--

ALTER TABLE public.franchise_discount_policy ALTER COLUMN franchise_id ADD GENERATED BY DEFAULT AS IDENTITY (
    SEQUENCE NAME public.franchise_franchise_id_seq
    START WITH 1
    INCREMENT BY 1
    NO MINVALUE
    NO MAXVALUE
    CACHE 1
);


--
-- TOC entry 266 (class 1259 OID 22834)
-- Name: franchises; Type: TABLE; Schema: public; Owner: -
--

CREATE TABLE public.franchises (
                                   franchise_id bigint NOT NULL,
                                   name character varying(255) NOT NULL,
                                   category_code character varying(255) NOT NULL,
                                   image_url character varying(255)
);


--
-- TOC entry 265 (class 1259 OID 22833)
-- Name: franchises_id_seq; Type: SEQUENCE; Schema: public; Owner: -
--

CREATE SEQUENCE public.franchises_id_seq
    AS integer
    START WITH 1
    INCREMENT BY 1
    NO MINVALUE
    NO MAXVALUE
    CACHE 1;


--
-- TOC entry 5635 (class 0 OID 0)
-- Dependencies: 265
-- Name: franchises_id_seq; Type: SEQUENCE OWNED BY; Schema: public; Owner: -
--

ALTER SEQUENCE public.franchises_id_seq OWNED BY public.franchises.franchise_id;


--
-- TOC entry 269 (class 1259 OID 25928)
-- Name: owners; Type: TABLE; Schema: public; Owner: -
--

CREATE TABLE public.owners (
                               owner_id bigint NOT NULL,
                               owner_name character varying(255),
                               owner_password character varying(255),
                               pos_id bigint
);


--
-- TOC entry 268 (class 1259 OID 25927)
-- Name: owners_owner_id_seq; Type: SEQUENCE; Schema: public; Owner: -
--

CREATE SEQUENCE public.owners_owner_id_seq
    START WITH 1
    INCREMENT BY 1
    NO MINVALUE
    NO MAXVALUE
    CACHE 1;


--
-- TOC entry 5636 (class 0 OID 0)
-- Dependencies: 268
-- Name: owners_owner_id_seq; Type: SEQUENCE OWNED BY; Schema: public; Owner: -
--

ALTER SEQUENCE public.owners_owner_id_seq OWNED BY public.owners.owner_id;


--
-- TOC entry 250 (class 1259 OID 22320)
-- Name: places; Type: TABLE; Schema: public; Owner: -
--

CREATE TABLE public.places (
                               place_id bigint NOT NULL,
                               franchise_id bigint,
                               place_name character varying(255),
                               place_desc character varying(255),
                               address character varying(255),
                               latitude numeric(10,7),
                               longitude numeric(10,7),
                               marker_code character varying(255),
                               event_type_code character varying(255),
                               category_code character varying(255),
                               start_time integer,
                               end_time integer,
                               benefit_category character varying(255),
                               tel character varying(255),
                               location public.geography(Point,4326)
);


--
-- TOC entry 249 (class 1259 OID 22319)
-- Name: places_places_id_seq; Type: SEQUENCE; Schema: public; Owner: -
--

ALTER TABLE public.places ALTER COLUMN place_id ADD GENERATED BY DEFAULT AS IDENTITY (
    SEQUENCE NAME public.places_places_id_seq
    START WITH 1
    INCREMENT BY 1
    NO MINVALUE
    NO MAXVALUE
    CACHE 1
);


--
-- TOC entry 243 (class 1259 OID 22293)
-- Name: pos; Type: TABLE; Schema: public; Owner: -
--

CREATE TABLE public.pos (
                            pos_id bigint NOT NULL,
                            place_id bigint NOT NULL
);


--
-- TOC entry 262 (class 1259 OID 22366)
-- Name: pos_histories; Type: TABLE; Schema: public; Owner: -
--

CREATE TABLE public.pos_histories (
                                      pos_history_id bigint NOT NULL,
                                      pos_id bigint NOT NULL,
                                      user_history_id bigint NOT NULL
);


--
-- TOC entry 261 (class 1259 OID 22365)
-- Name: pos_histories_pos_histories_id_seq; Type: SEQUENCE; Schema: public; Owner: -
--

ALTER TABLE public.pos_histories ALTER COLUMN pos_history_id ADD GENERATED BY DEFAULT AS IDENTITY (
    SEQUENCE NAME public.pos_histories_pos_histories_id_seq
    START WITH 1
    INCREMENT BY 1
    NO MINVALUE
    NO MAXVALUE
    CACHE 1
);


--
-- TOC entry 242 (class 1259 OID 22292)
-- Name: pos_pos_id_seq; Type: SEQUENCE; Schema: public; Owner: -
--

ALTER TABLE public.pos ALTER COLUMN pos_id ADD GENERATED BY DEFAULT AS IDENTITY (
    SEQUENCE NAME public.pos_pos_id_seq
    START WITH 1
    INCREMENT BY 1
    NO MINVALUE
    NO MAXVALUE
    CACHE 1
);


--
-- TOC entry 248 (class 1259 OID 22312)
-- Name: roulette_results; Type: TABLE; Schema: public; Owner: -
--

CREATE TABLE public.roulette_results (
                                         roulette_result_id bigint NOT NULL,
                                         unear_event_id bigint NOT NULL,
                                         user_id bigint NOT NULL,
                                         reward character varying(255),
                                         participated boolean
);


--
-- TOC entry 247 (class 1259 OID 22311)
-- Name: roulette_results_roulette_results_id_seq; Type: SEQUENCE; Schema: public; Owner: -
--

ALTER TABLE public.roulette_results ALTER COLUMN roulette_result_id ADD GENERATED BY DEFAULT AS IDENTITY (
    SEQUENCE NAME public.roulette_results_roulette_results_id_seq
    START WITH 1
    INCREMENT BY 1
    NO MINVALUE
    NO MAXVALUE
    CACHE 1
);


--
-- TOC entry 246 (class 1259 OID 22304)
-- Name: stamps; Type: TABLE; Schema: public; Owner: -
--

CREATE TABLE public.stamps (
                               stamp_id bigint NOT NULL,
                               user_id bigint NOT NULL,
                               event_place_id bigint NOT NULL,
                               stamped_at timestamp(6) without time zone,
                               event_code character varying(255),
                               place_name character varying(255)
);


--
-- TOC entry 245 (class 1259 OID 22303)
-- Name: stamps_stamps_id_seq; Type: SEQUENCE; Schema: public; Owner: -
--

ALTER TABLE public.stamps ALTER COLUMN stamp_id ADD GENERATED BY DEFAULT AS IDENTITY (
    SEQUENCE NAME public.stamps_stamps_id_seq
    START WITH 1
    INCREMENT BY 1
    NO MINVALUE
    NO MAXVALUE
    CACHE 1
);


--
-- TOC entry 235 (class 1259 OID 22261)
-- Name: store_owners; Type: TABLE; Schema: public; Owner: -
--

CREATE TABLE public.store_owners (
                                     owner_id bigint NOT NULL,
                                     pos_id bigint NOT NULL,
                                     owner_name character varying,
                                     owner_password character varying
);


--
-- TOC entry 234 (class 1259 OID 22260)
-- Name: store_owners_owner_id_seq; Type: SEQUENCE; Schema: public; Owner: -
--

ALTER TABLE public.store_owners ALTER COLUMN owner_id ADD GENERATED BY DEFAULT AS IDENTITY (
    SEQUENCE NAME public.store_owners_owner_id_seq
    START WITH 1
    INCREMENT BY 1
    NO MINVALUE
    NO MAXVALUE
    CACHE 1
);


--
-- TOC entry 241 (class 1259 OID 22285)
-- Name: unear_events; Type: TABLE; Schema: public; Owner: -
--

CREATE TABLE public.unear_events (
                                     unear_event_id bigint NOT NULL,
                                     coupon_template_id bigint,
                                     event_name character varying(255),
                                     event_description character varying(255),
                                     latitude numeric(10,7),
                                     longitude numeric(10,7),
                                     radius_meter integer,
                                     start_at date,
                                     end_at date,
                                     popup_store_id bigint
);


--
-- TOC entry 240 (class 1259 OID 22284)
-- Name: unear_events_unear_events_id_seq; Type: SEQUENCE; Schema: public; Owner: -
--

ALTER TABLE public.unear_events ALTER COLUMN unear_event_id ADD GENERATED BY DEFAULT AS IDENTITY (
    SEQUENCE NAME public.unear_events_unear_events_id_seq
    START WITH 1
    INCREMENT BY 1
    NO MINVALUE
    NO MAXVALUE
    CACHE 1
);


--
-- TOC entry 272 (class 1259 OID 25959)
-- Name: user_action_logs_id_seq; Type: SEQUENCE; Schema: public; Owner: -
--

CREATE SEQUENCE public.user_action_logs_id_seq
    START WITH 1
    INCREMENT BY 1
    NO MINVALUE
    NO MAXVALUE
    CACHE 1;


--
-- TOC entry 270 (class 1259 OID 25936)
-- Name: user_action_logs; Type: TABLE; Schema: public; Owner: -
--

CREATE TABLE public.user_action_logs (
                                         user_action_log_id bigint DEFAULT nextval('public.user_action_logs_id_seq'::regclass) NOT NULL,
                                         user_id bigint,
                                         action_type character varying(255),
                                         create_at timestamp(6) without time zone,
                                         screen character varying(255),
                                         metadata text
);


--
-- TOC entry 271 (class 1259 OID 25944)
-- Name: user_action_summary; Type: TABLE; Schema: public; Owner: -
--

CREATE TABLE public.user_action_summary (
                                            action_type character varying(50),
                                            group_by_field character varying(50),
                                            group_by_text character varying(100),
                                            distinct_user_count integer,
                                            count integer,
                                            summary_date date
);


--
-- TOC entry 274 (class 1259 OID 25968)
-- Name: user_coupon; Type: TABLE; Schema: public; Owner: -
--

CREATE TABLE public.user_coupon (
                                    user_coupon_id bigint NOT NULL,
                                    barcode_number character varying(255),
                                    coupon_status_code character varying(255),
                                    coupon_template_id bigint,
                                    created_at timestamp(6) without time zone,
                                    used_at timestamp(6) without time zone,
                                    user_id bigint
);


--
-- TOC entry 254 (class 1259 OID 22336)
-- Name: user_coupons; Type: TABLE; Schema: public; Owner: -
--

CREATE TABLE public.user_coupons (
                                     user_coupon_id bigint NOT NULL,
                                     user_id bigint NOT NULL,
                                     coupon_template_id bigint NOT NULL,
                                     coupon_status_code character varying(255),
                                     barcode_number character varying(255),
                                     created_at timestamp(6) without time zone,
                                     used_at timestamp(6) without time zone
);


--
-- TOC entry 253 (class 1259 OID 22335)
-- Name: user_coupons_user_coupons_id_seq; Type: SEQUENCE; Schema: public; Owner: -
--

ALTER TABLE public.user_coupons ALTER COLUMN user_coupon_id ADD GENERATED BY DEFAULT AS IDENTITY (
    SEQUENCE NAME public.user_coupons_user_coupons_id_seq
    START WITH 1
    INCREMENT BY 1
    NO MINVALUE
    NO MAXVALUE
    CACHE 1
);


--
-- TOC entry 237 (class 1259 OID 22269)
-- Name: user_histories; Type: TABLE; Schema: public; Owner: -
--

CREATE TABLE public.user_histories (
                                       user_history_id bigint NOT NULL,
                                       user_id bigint NOT NULL,
                                       user_coupon_id bigint,
                                       place_id bigint NOT NULL,
                                       used_at date,
                                       original_amount integer,
                                       membership_discount_amount integer,
                                       coupon_discount_amount integer,
                                       total_discount_amount integer,
                                       total_payment_amount integer,
                                       is_coupon_used boolean,
                                       is_membership_used boolean,
                                       paid_at date,
                                       discount_code character varying,
                                       membership_code character varying
);


--
-- TOC entry 236 (class 1259 OID 22268)
-- Name: user_histories_user_histories_id_seq; Type: SEQUENCE; Schema: public; Owner: -
--

ALTER TABLE public.user_histories ALTER COLUMN user_history_id ADD GENERATED BY DEFAULT AS IDENTITY (
    SEQUENCE NAME public.user_histories_user_histories_id_seq
    START WITH 1
    INCREMENT BY 1
    NO MINVALUE
    NO MAXVALUE
    CACHE 1
);


--
-- TOC entry 239 (class 1259 OID 22277)
-- Name: users; Type: TABLE; Schema: public; Owner: -
--

CREATE TABLE public.users (
                              user_id bigint NOT NULL,
                              name character varying(255),
                              email character varying(255),
                              tel character varying(255),
                              password character varying(255),
                              birthdate timestamp(6) without time zone,
                              membership_code character varying(255),
                              gender character varying(255),
                              created_at timestamp(6) without time zone,
                              updated_at timestamp(6) without time zone,
                              is_profile_complete boolean,
                              barcode_number character varying(255),
                              provider character varying(20) DEFAULT 'EMAIL'::character varying NOT NULL,
                              provider_id character varying(255)
);


--
-- TOC entry 238 (class 1259 OID 22276)
-- Name: users_user_id_seq; Type: SEQUENCE; Schema: public; Owner: -
--

ALTER TABLE public.users ALTER COLUMN user_id ADD GENERATED BY DEFAULT AS IDENTITY (
    SEQUENCE NAME public.users_user_id_seq
    START WITH 1
    INCREMENT BY 1
    NO MINVALUE
    NO MAXVALUE
    CACHE 1
);


--
-- TOC entry 5340 (class 2604 OID 22983)
-- Name: franchise_discount_policy franchise_discount_policy_id; Type: DEFAULT; Schema: public; Owner: -
--

ALTER TABLE ONLY public.franchise_discount_policy ALTER COLUMN franchise_discount_policy_id SET DEFAULT nextval('public.franchise_discount_policy_id_seq'::regclass);


--
-- TOC entry 5341 (class 2604 OID 23086)
-- Name: franchises franchise_id; Type: DEFAULT; Schema: public; Owner: -
--

ALTER TABLE ONLY public.franchises ALTER COLUMN franchise_id SET DEFAULT nextval('public.franchises_id_seq'::regclass);


--
-- TOC entry 5342 (class 2604 OID 25931)
-- Name: owners owner_id; Type: DEFAULT; Schema: public; Owner: -
--

ALTER TABLE ONLY public.owners ALTER COLUMN owner_id SET DEFAULT nextval('public.owners_owner_id_seq'::regclass);


--
-- TOC entry 5604 (class 0 OID 22344)
-- Dependencies: 256
-- Data for Name: admins; Type: TABLE DATA; Schema: public; Owner: -
--

INSERT INTO public.admins VALUES (3, '관리자1', 'admin@test.com', '$2a$10$QZ3A9H3tLDErL7QJvHba5uRFP/W2WfVM3Gs9PmAV9w2KVpwPw6sd6', 'ROLE_ADMIN');


--
-- TOC entry 5592 (class 0 OID 22298)
-- Dependencies: 244
-- Data for Name: commoncode; Type: TABLE DATA; Schema: public; Owner: -
--

INSERT INTO public.commoncode VALUES ('MEMBERSHIP_GRADE', 'BASIC', '우수');
INSERT INTO public.commoncode VALUES ('MEMBERSHIP_GRADE', 'VIP', 'VIP');
INSERT INTO public.commoncode VALUES ('MEMBERSHIP_GRADE', 'VVIP', 'VVIP');
INSERT INTO public.commoncode VALUES ('MEMBERSHIP_GRADE', 'ALL', '모든등급');
INSERT INTO public.commoncode VALUES ('PLACE_TYPE', 'LOCAL', '우리동네멤버십');
INSERT INTO public.commoncode VALUES ('PLACE_TYPE', 'BASIC', '기본혜택');
INSERT INTO public.commoncode VALUES ('PLACE_TYPE', 'FRANCHISE', '프랜차이즈');
INSERT INTO public.commoncode VALUES ('PLACE_TYPE', 'POPUP', '팝업스토어');
INSERT INTO public.commoncode VALUES ('EVENT_TYPE', 'NONE', '이벤트 아님');
INSERT INTO public.commoncode VALUES ('EVENT_TYPE', 'GENERAL', '이벤트 ( 일반 )');
INSERT INTO public.commoncode VALUES ('EVENT_TYPE', 'REQUIRE', '이벤트 ( 필수 )');
INSERT INTO public.commoncode VALUES ('COUPON_STATUS', 'UNUSED', '미사용');
INSERT INTO public.commoncode VALUES ('COUPON_STATUS', 'EXPIRED', '만료');
INSERT INTO public.commoncode VALUES ('COUPON_STATUS', 'USED', '사용됨');
INSERT INTO public.commoncode VALUES ('PLCACE_CATEGORY', 'FOOD', '푸드');
INSERT INTO public.commoncode VALUES ('PLCACE_CATEGORY', 'ACTIVITY', '액티비티');
INSERT INTO public.commoncode VALUES ('PLCACE_CATEGORY', 'EDUCATION', '교육');
INSERT INTO public.commoncode VALUES ('PLCACE_CATEGORY', 'CLUTURE', '문화/여가');
INSERT INTO public.commoncode VALUES ('PLCACE_CATEGORY', 'BAKERY', '베이커리');
INSERT INTO public.commoncode VALUES ('PLCACE_CATEGORY', 'LIFE', '생활/편의');
INSERT INTO public.commoncode VALUES ('PLCACE_CATEGORY', 'SHOPPING', '쇼핑');
INSERT INTO public.commoncode VALUES ('PLCACE_CATEGORY', 'CAFE', '카페');
INSERT INTO public.commoncode VALUES ('PLCACE_CATEGORY', 'BEAUTY', '뷰티/건강');
INSERT INTO public.commoncode VALUES ('DISCOUNT_POLIICY', 'MEMBERSHIP_FIXED', '(멤버십) 금액 할인');
INSERT INTO public.commoncode VALUES ('DISCOUNT_POLIICY', 'COUPON_PERCENT', '(쿠폰) 퍼센트 할인');
INSERT INTO public.commoncode VALUES ('DISCOUNT_POLIICY', 'COUPON_FCFS', '선착순 전용 쿠폰');
INSERT INTO public.commoncode VALUES ('DISCOUNT_POLIICY', 'COUPON_FIXED', '(쿠폰) 금액 할인');
INSERT INTO public.commoncode VALUES ('DISCOUNT_POLIICY', 'MEMBERSHIP_UNIT', '(멤버십) 금액당 할인');


--
-- TOC entry 5621 (class 0 OID 25961)
-- Dependencies: 273
-- Data for Name: coupon_template; Type: TABLE DATA; Schema: public; Owner: -
--



--
-- TOC entry 5600 (class 0 OID 22328)
-- Dependencies: 252
-- Data for Name: coupon_templates; Type: TABLE DATA; Schema: public; Owner: -
--

INSERT INTO public.coupon_templates VALUES (68, 43, '서울드래곤시티 VVIP 쿠폰', -1, '2025-07-01 00:00:00', '2025-07-31 00:00:00', 'COUPON_PERCENT', 'VVIP', 'FRANCHISE', NULL);
INSERT INTO public.coupon_templates VALUES (70, 44, '서울드래곤시티 VIP 쿠폰', -1, '2025-07-01 00:00:00', '2025-07-31 00:00:00', 'COUPON_PERCENT', 'VIP', 'FRANCHISE', NULL);
INSERT INTO public.coupon_templates VALUES (69, 45, '서울드래곤시티 BASIC 쿠폰', -1, '2025-07-01 00:00:00', '2025-07-31 00:00:00', 'COUPON_PERCENT', 'BASIC', 'FRANCHISE', NULL);
INSERT INTO public.coupon_templates VALUES (75, 37, '유가네닭갈비 VVIP 쿠폰', -1, '2025-07-01 00:00:00', '2025-07-31 00:00:00', 'COUPON_PERCENT', 'VVIP', 'FRANCHISE', NULL);
INSERT INTO public.coupon_templates VALUES (76, 38, '유가네닭갈비 VIP 쿠폰', -1, '2025-07-01 00:00:00', '2025-07-31 00:00:00', 'COUPON_PERCENT', 'VIP', 'FRANCHISE', NULL);
INSERT INTO public.coupon_templates VALUES (74, 39, '유가네닭갈비 BASIC 쿠폰', -1, '2025-07-01 00:00:00', '2025-07-31 00:00:00', 'COUPON_PERCENT', 'BASIC', 'FRANCHISE', NULL);
INSERT INTO public.coupon_templates VALUES (46, 5, '대관령 하늘 목장 전용 쿠폰', -1, '2025-07-01 00:00:00', '2025-07-31 00:00:00', 'COUPON_FIXED', 'ALL', 'BASIC', NULL);
INSERT INTO public.coupon_templates VALUES (47, 11, '뽀로로 아쿠아빌리지 전용 쿠폰', -1, '2025-07-01 00:00:00', '2025-07-31 00:00:00', 'COUPON_PERCENT', 'ALL', 'BASIC', NULL);
INSERT INTO public.coupon_templates VALUES (48, 14, '오가나셀 피부과의원 청담점 전용 쿠폰', -1, '2025-07-01 00:00:00', '2025-07-31 00:00:00', 'COUPON_PERCENT', 'ALL', 'BASIC', NULL);
INSERT INTO public.coupon_templates VALUES (49, 2, '캐리비안베이 전용 쿠폰', -1, '2025-07-01 00:00:00', '2025-07-31 00:00:00', 'COUPON_PERCENT', 'ALL', 'BASIC', NULL);
INSERT INTO public.coupon_templates VALUES (50, 6, '롯데월드 아쿠아리움 전용 쿠폰', -1, '2025-07-01 00:00:00', '2025-07-31 00:00:00', 'COUPON_PERCENT', 'ALL', 'BASIC', NULL);
INSERT INTO public.coupon_templates VALUES (51, 10, '대구 아쿠아리움 전용 쿠폰', -1, '2025-07-01 00:00:00', '2025-07-31 00:00:00', 'COUPON_PERCENT', 'ALL', 'BASIC', NULL);
INSERT INTO public.coupon_templates VALUES (52, 1, '클럽디 오아시스 전용 쿠폰', -1, '2025-07-01 00:00:00', '2025-07-31 00:00:00', 'COUPON_PERCENT', 'ALL', 'BASIC', NULL);
INSERT INTO public.coupon_templates VALUES (53, 7, '제주민속촌 전용 쿠폰', -1, '2025-07-01 00:00:00', '2025-07-31 00:00:00', 'COUPON_PERCENT', 'ALL', 'BASIC', NULL);
INSERT INTO public.coupon_templates VALUES (54, 12, '롯데월드 어드벤처 부산 전용 쿠폰', -1, '2025-07-01 00:00:00', '2025-07-31 00:00:00', 'COUPON_PERCENT', 'ALL', 'BASIC', NULL);
INSERT INTO public.coupon_templates VALUES (55, 13, '한강유람선 이크루즈 전용 쿠폰', -1, '2025-07-01 00:00:00', '2025-07-31 00:00:00', 'COUPON_PERCENT', 'ALL', 'BASIC', NULL);
INSERT INTO public.coupon_templates VALUES (56, 9, 'SEOUL SKY 전용 쿠폰', -1, '2025-07-01 00:00:00', '2025-07-31 00:00:00', 'COUPON_PERCENT', 'ALL', 'BASIC', NULL);
INSERT INTO public.coupon_templates VALUES (57, 15, '데이원클리닉 전용 쿠폰', -1, '2025-07-01 00:00:00', '2025-07-31 00:00:00', 'COUPON_PERCENT', 'ALL', 'BASIC', NULL);
INSERT INTO public.coupon_templates VALUES (58, 4, '롯데월드 아이스링크 전용 쿠폰', -1, '2025-07-01 00:00:00', '2025-07-31 00:00:00', 'COUPON_PERCENT', 'ALL', 'BASIC', NULL);
INSERT INTO public.coupon_templates VALUES (59, 8, '이월드 전용 쿠폰', -1, '2025-07-01 00:00:00', '2025-07-31 00:00:00', 'COUPON_PERCENT', 'ALL', 'BASIC', NULL);
INSERT INTO public.coupon_templates VALUES (60, 16, '포쉬네일 전용 쿠폰', -1, '2025-07-01 00:00:00', '2025-07-31 00:00:00', 'COUPON_PERCENT', 'ALL', 'BASIC', NULL);
INSERT INTO public.coupon_templates VALUES (61, 3, '서울랜드 전용 쿠폰', -1, '2025-07-01 00:00:00', '2025-07-31 00:00:00', 'COUPON_PERCENT', 'ALL', 'BASIC', NULL);
INSERT INTO public.coupon_templates VALUES (45, NULL, '팝업 선착순 할인 쿠폰', 96, '2025-07-01 00:00:00', '2025-08-31 00:00:00', 'COUPON_FCFS', 'ALL', 'POPUP', 1);
INSERT INTO public.coupon_templates VALUES (88, 34, '더플레이스 VVIP 쿠폰', -1, '2025-07-01 00:00:00', '2025-07-31 00:00:00', 'COUPON_PERCENT', 'VVIP', 'FRANCHISE', NULL);
INSERT INTO public.coupon_templates VALUES (86, 35, '더플레이스 VIP 쿠폰', -1, '2025-07-01 00:00:00', '2025-07-31 00:00:00', 'COUPON_PERCENT', 'VIP', 'FRANCHISE', NULL);
INSERT INTO public.coupon_templates VALUES (80, 70, 'CU VVIP 쿠폰', -1, '2025-07-01 00:00:00', '2025-07-31 00:00:00', 'COUPON_PERCENT', 'VVIP', 'FRANCHISE', NULL);
INSERT INTO public.coupon_templates VALUES (82, 71, 'CU VIP 쿠폰', -1, '2025-07-01 00:00:00', '2025-07-31 00:00:00', 'COUPON_PERCENT', 'VIP', 'FRANCHISE', NULL);
INSERT INTO public.coupon_templates VALUES (81, 72, 'CU BASIC 쿠폰', -1, '2025-07-01 00:00:00', '2025-07-31 00:00:00', 'COUPON_PERCENT', 'BASIC', 'FRANCHISE', NULL);
INSERT INTO public.coupon_templates VALUES (125, 20, '피자헛 VIP 쿠폰', -1, '2025-07-01 00:00:00', '2025-07-31 00:00:00', 'COUPON_FIXED', 'VIP', 'FRANCHISE', NULL);
INSERT INTO public.coupon_templates VALUES (126, 21, '피자헛 BASIC 쿠폰', -1, '2025-07-01 00:00:00', '2025-07-31 00:00:00', 'COUPON_FIXED', 'BASIC', 'FRANCHISE', NULL);
INSERT INTO public.coupon_templates VALUES (132, 68, '맥도날드 VIP 쿠폰', -1, '2025-07-01 00:00:00', '2025-07-31 00:00:00', 'COUPON_PERCENT', 'VIP', 'FRANCHISE', NULL);
INSERT INTO public.coupon_templates VALUES (131, 67, '맥도날드 VVIP 쿠폰', -1, '2025-07-01 00:00:00', '2025-07-31 00:00:00', 'COUPON_PERCENT', 'VVIP', 'FRANCHISE', NULL);
INSERT INTO public.coupon_templates VALUES (133, 69, '맥도날드 BASIC 쿠폰', -1, '2025-07-01 00:00:00', '2025-07-31 00:00:00', 'COUPON_PERCENT', 'BASIC', 'FRANCHISE', NULL);
INSERT INTO public.coupon_templates VALUES (108, 52, '롯데시네마 VVIP 쿠폰', -1, '2025-07-01 00:00:00', '2025-07-31 00:00:00', 'COUPON_FIXED', 'VVIP', 'FRANCHISE', NULL);
INSERT INTO public.coupon_templates VALUES (109, 53, '롯데시네마 VIP 쿠폰', -1, '2025-07-01 00:00:00', '2025-07-31 00:00:00', 'COUPON_FIXED', 'VIP', 'FRANCHISE', NULL);
INSERT INTO public.coupon_templates VALUES (107, 54, '롯데시네마 BASIC 쿠폰', -1, '2025-07-01 00:00:00', '2025-07-31 00:00:00', 'COUPON_FIXED', 'BASIC', 'FRANCHISE', NULL);
INSERT INTO public.coupon_templates VALUES (189, 36, '더플레이스 BASIC 쿠폰', -1, '2025-07-01 00:00:00', '2025-07-31 00:00:00', 'COUPON_PERCENT', 'BASIC', 'FRANCHISE', NULL);
INSERT INTO public.coupon_templates VALUES (213, 47, '굽네치킨 VIP 쿠폰', -1, '2025-07-01 00:00:00', '2025-07-31 00:00:00', 'COUPON_FIXED', 'VIP', 'FRANCHISE', NULL);
INSERT INTO public.coupon_templates VALUES (212, 46, '굽네치킨 VVIP 쿠폰', -1, '2025-07-01 00:00:00', '2025-07-31 00:00:00', 'COUPON_FIXED', 'VVIP', 'FRANCHISE', NULL);
INSERT INTO public.coupon_templates VALUES (216, 40, '라그릴리아 VVIP 쿠폰', -1, '2025-07-01 00:00:00', '2025-07-31 00:00:00', 'COUPON_PERCENT', 'VVIP', 'FRANCHISE', NULL);
INSERT INTO public.coupon_templates VALUES (215, 41, '라그릴리아 VIP 쿠폰', -1, '2025-07-01 00:00:00', '2025-07-31 00:00:00', 'COUPON_PERCENT', 'VIP', 'FRANCHISE', NULL);
INSERT INTO public.coupon_templates VALUES (217, 42, '라그릴리아 BASIC 쿠폰', -1, '2025-07-01 00:00:00', '2025-07-31 00:00:00', 'COUPON_PERCENT', 'BASIC', 'FRANCHISE', NULL);
INSERT INTO public.coupon_templates VALUES (252, 18, '미스터피자 BASIC 쿠폰', -1, '2025-07-01 00:00:00', '2025-07-31 00:00:00', 'COUPON_FIXED', 'BASIC', 'FRANCHISE', NULL);
INSERT INTO public.coupon_templates VALUES (251, 17, '미스터피자 VIP 쿠폰', -1, '2025-07-01 00:00:00', '2025-07-31 00:00:00', 'COUPON_FIXED', 'VIP', 'FRANCHISE', NULL);
INSERT INTO public.coupon_templates VALUES (210, 31, 'VIPS VVIP 쿠폰', -1, '2025-07-01 00:00:00', '2025-07-31 00:00:00', 'COUPON_PERCENT', 'VVIP', 'FRANCHISE', NULL);
INSERT INTO public.coupon_templates VALUES (209, 32, 'VIPS VIP 쿠폰', -1, '2025-07-01 00:00:00', '2025-07-31 00:00:00', 'COUPON_PERCENT', 'VIP', 'FRANCHISE', NULL);
INSERT INTO public.coupon_templates VALUES (211, 33, 'VIPS BASIC 쿠폰', -1, '2025-07-01 00:00:00', '2025-07-31 00:00:00', 'COUPON_PERCENT', 'BASIC', 'FRANCHISE', NULL);
INSERT INTO public.coupon_templates VALUES (261, 76, '아쿠아플라넷 VVIP 쿠폰', -1, '2025-07-01 00:00:00', '2025-07-31 00:00:00', 'COUPON_PERCENT', 'VVIP', 'FRANCHISE', NULL);
INSERT INTO public.coupon_templates VALUES (262, 77, '아쿠아플라넷 VIP 쿠폰', -1, '2025-07-01 00:00:00', '2025-07-31 00:00:00', 'COUPON_PERCENT', 'VIP', 'FRANCHISE', NULL);
INSERT INTO public.coupon_templates VALUES (260, 78, '아쿠아플라넷 BASIC 쿠폰', -1, '2025-07-01 00:00:00', '2025-07-31 00:00:00', 'COUPON_PERCENT', 'BASIC', 'FRANCHISE', NULL);
INSERT INTO public.coupon_templates VALUES (267, 7, '유앤아이피부과의원 VVIP 쿠폰', -1, '2025-07-01 00:00:00', '2025-07-31 00:00:00', 'COUPON_PERCENT', 'VVIP', 'FRANCHISE', NULL);
INSERT INTO public.coupon_templates VALUES (266, 8, '유앤아이피부과의원 VIP 쿠폰', -1, '2025-07-01 00:00:00', '2025-07-31 00:00:00', 'COUPON_PERCENT', 'VIP', 'FRANCHISE', NULL);
INSERT INTO public.coupon_templates VALUES (268, 9, '유앤아이피부과의원 BASIC 쿠폰', -1, '2025-07-01 00:00:00', '2025-07-31 00:00:00', 'COUPON_PERCENT', 'BASIC', 'FRANCHISE', NULL);
INSERT INTO public.coupon_templates VALUES (127, 19, '피자헛 VVIP 쿠폰', -1, '2025-07-01 00:00:00', '2025-07-31 00:00:00', 'COUPON_FIXED', 'VVIP', 'FRANCHISE', NULL);
INSERT INTO public.coupon_templates VALUES (214, 48, '굽네치킨 BASIC 쿠폰', -1, '2025-07-01 00:00:00', '2025-07-31 00:00:00', 'COUPON_FIXED', 'BASIC', 'FRANCHISE', NULL);
INSERT INTO public.coupon_templates VALUES (259, 64, '메가박스 VVIP 쿠폰', -1, '2025-07-01 00:00:00', '2025-07-31 00:00:00', 'COUPON_FIXED', 'VVIP', 'FRANCHISE', NULL);
INSERT INTO public.coupon_templates VALUES (257, 66, '메가박스 BASIC 쿠폰', -1, '2025-07-01 00:00:00', '2025-07-31 00:00:00', 'COUPON_FIXED', 'BASIC', 'FRANCHISE', NULL);
INSERT INTO public.coupon_templates VALUES (258, 65, '메가박스 VIP 쿠폰', -1, '2025-07-01 00:00:00', '2025-07-31 00:00:00', 'COUPON_FIXED', 'VIP', 'FRANCHISE', NULL);
INSERT INTO public.coupon_templates VALUES (253, 16, '미스터피자 VVIP 쿠폰', -1, '2025-07-01 00:00:00', '2025-07-31 00:00:00', 'COUPON_FIXED', 'VVIP', 'FRANCHISE', NULL);
INSERT INTO public.coupon_templates VALUES (264, 49, 'CGV VVIP 쿠폰', -1, '2025-07-01 00:00:00', '2025-07-31 00:00:00', 'COUPON_FIXED', 'VVIP', 'FRANCHISE', NULL);
INSERT INTO public.coupon_templates VALUES (263, 50, 'CGV VIP 쿠폰', -1, '2025-07-01 00:00:00', '2025-07-31 00:00:00', 'COUPON_FIXED', 'VIP', 'FRANCHISE', NULL);
INSERT INTO public.coupon_templates VALUES (265, 51, 'CGV BASIC 쿠폰', -1, '2025-07-01 00:00:00', '2025-07-31 00:00:00', 'COUPON_FIXED', 'BASIC', 'FRANCHISE', NULL);
INSERT INTO public.coupon_templates VALUES (290, 1, 'GS THE FRESH VVIP 쿠폰', -1, '2025-07-01 00:00:00', '2025-07-31 00:00:00', 'COUPON_FIXED', 'VVIP', 'FRANCHISE', NULL);
INSERT INTO public.coupon_templates VALUES (291, 2, 'GS THE FRESH VIP 쿠폰', -1, '2025-07-01 00:00:00', '2025-07-31 00:00:00', 'COUPON_FIXED', 'VIP', 'FRANCHISE', NULL);
INSERT INTO public.coupon_templates VALUES (292, 3, 'GS THE FRESH BASIC 쿠폰', -1, '2025-07-01 00:00:00', '2025-07-31 00:00:00', 'COUPON_FIXED', 'BASIC', 'FRANCHISE', NULL);
INSERT INTO public.coupon_templates VALUES (278, 73, '그라운드시소 VVIP 쿠폰', -1, '2025-07-01 00:00:00', '2025-07-31 00:00:00', 'COUPON_PERCENT', 'VVIP', 'FRANCHISE', NULL);
INSERT INTO public.coupon_templates VALUES (280, 74, '그라운드시소 VIP 쿠폰', -1, '2025-07-01 00:00:00', '2025-07-31 00:00:00', 'COUPON_PERCENT', 'VIP', 'FRANCHISE', NULL);
INSERT INTO public.coupon_templates VALUES (279, 75, '그라운드시소 BASIC 쿠폰', -1, '2025-07-01 00:00:00', '2025-07-31 00:00:00', 'COUPON_PERCENT', 'BASIC', 'FRANCHISE', NULL);


--
-- TOC entry 5612 (class 0 OID 22372)
-- Dependencies: 264
-- Data for Name: event_places; Type: TABLE DATA; Schema: public; Owner: -
--

INSERT INTO public.event_places VALUES (1, 1, 465, 'REQUIRE');
INSERT INTO public.event_places VALUES (2, 1, 138, 'GENERAL');
INSERT INTO public.event_places VALUES (3, 1, 298, 'GENERAL');
INSERT INTO public.event_places VALUES (4, 1, 299, 'GENERAL');
INSERT INTO public.event_places VALUES (5, 1, 119, 'GENERAL');
INSERT INTO public.event_places VALUES (6, 1, 313, 'GENERAL');
INSERT INTO public.event_places VALUES (7, 1, 140, 'GENERAL');
INSERT INTO public.event_places VALUES (8, 1, 210, 'GENERAL');
INSERT INTO public.event_places VALUES (9, 1, 126, 'GENERAL');
INSERT INTO public.event_places VALUES (10, 1, 125, 'GENERAL');
INSERT INTO public.event_places VALUES (11, 1, 283, 'GENERAL');
INSERT INTO public.event_places VALUES (12, 1, 284, 'GENERAL');
INSERT INTO public.event_places VALUES (13, 1, 134, 'GENERAL');
INSERT INTO public.event_places VALUES (14, 1, 296, 'GENERAL');
INSERT INTO public.event_places VALUES (15, 1, 324, 'GENERAL');
INSERT INTO public.event_places VALUES (16, 1, 131, 'GENERAL');


--
-- TOC entry 5608 (class 0 OID 22360)
-- Dependencies: 260
-- Data for Name: favorite_places; Type: TABLE DATA; Schema: public; Owner: -
--

INSERT INTO public.favorite_places VALUES (1, 155, 3, '2025-07-16 17:09:05.65181', NULL, true);
INSERT INTO public.favorite_places VALUES (2, 122, 3, '2025-07-18 15:33:42.85298', NULL, true);
INSERT INTO public.favorite_places VALUES (6, 241, 3, '2025-07-25 20:22:05.887457', NULL, true);
INSERT INTO public.favorite_places VALUES (8, 157, 3, '2025-07-27 21:49:03.409119', '2025-07-27 21:49:06.312051', false);
INSERT INTO public.favorite_places VALUES (9, 167, 3, '2025-07-27 21:49:10.75998', '2025-07-27 21:59:28.531507', false);
INSERT INTO public.favorite_places VALUES (5, 174, 3, '2025-07-25 20:06:31.099374', NULL, true);
INSERT INTO public.favorite_places VALUES (10, 178, 3, '2025-07-27 21:59:56.33231', NULL, true);
INSERT INTO public.favorite_places VALUES (4, 334, 3, '2025-07-25 19:52:18.150611', '2025-07-27 17:15:09.96169', false);
INSERT INTO public.favorite_places VALUES (3, 168, 3, '2025-07-25 19:43:19.259285', NULL, true);
INSERT INTO public.favorite_places VALUES (7, 232, 3, '2025-07-26 16:21:44.726111', NULL, true);


--
-- TOC entry 5606 (class 0 OID 22352)
-- Dependencies: 258
-- Data for Name: franchise_discount_policy; Type: TABLE DATA; Schema: public; Owner: -
--

INSERT INTO public.franchise_discount_policy VALUES (1, 'VIP', 'COUPON_FIXED', NULL, 2000, NULL, NULL, NULL, 50);
INSERT INTO public.franchise_discount_policy VALUES (14, 'VIP', 'COUPON_PERCENT', NULL, NULL, 15, NULL, NULL, 32);
INSERT INTO public.franchise_discount_policy VALUES (11, 'VIP', 'COUPON_FIXED', NULL, 3000, NULL, 10000, 30000, 20);
INSERT INTO public.franchise_discount_policy VALUES (12, 'BASIC', 'MEMBERSHIP_UNIT', 100, NULL, NULL, NULL, NULL, 24);
INSERT INTO public.franchise_discount_policy VALUES (4, 'VVIP', 'MEMBERSHIP_UNIT', 100, NULL, NULL, NULL, NULL, 4);
INSERT INTO public.franchise_discount_policy VALUES (17, 'VIP', 'COUPON_PERCENT', NULL, NULL, 10, NULL, NULL, 41);
INSERT INTO public.franchise_discount_policy VALUES (2, 'VIP', 'MEMBERSHIP_UNIT', 100, NULL, NULL, NULL, 20000, 26);
INSERT INTO public.franchise_discount_policy VALUES (17, 'VVIP', 'COUPON_PERCENT', NULL, NULL, 10, NULL, NULL, 40);
INSERT INTO public.franchise_discount_policy VALUES (24, 'VVIP', 'COUPON_PERCENT', NULL, NULL, 20, NULL, 10000, 73);
INSERT INTO public.franchise_discount_policy VALUES (3, 'VVIP', 'COUPON_PERCENT', NULL, NULL, 20, NULL, 10000, 67);
INSERT INTO public.franchise_discount_policy VALUES (15, 'VIP', 'COUPON_PERCENT', NULL, NULL, 15, NULL, NULL, 35);
INSERT INTO public.franchise_discount_policy VALUES (7, 'VIP', 'COUPON_PERCENT', NULL, NULL, 20, NULL, 20000, 8);
INSERT INTO public.franchise_discount_policy VALUES (24, 'BASIC', 'COUPON_PERCENT', NULL, NULL, 20, NULL, 10000, 75);
INSERT INTO public.franchise_discount_policy VALUES (18, 'VVIP', 'COUPON_PERCENT', NULL, NULL, 10, NULL, NULL, 43);
INSERT INTO public.franchise_discount_policy VALUES (25, 'BASIC', 'COUPON_PERCENT', NULL, NULL, 20, NULL, 10000, 78);
INSERT INTO public.franchise_discount_policy VALUES (2, 'VVIP', 'MEMBERSHIP_UNIT', 100, NULL, NULL, NULL, 20000, 25);
INSERT INTO public.franchise_discount_policy VALUES (7, 'VVIP', 'COUPON_PERCENT', NULL, NULL, 20, NULL, 20000, 7);
INSERT INTO public.franchise_discount_policy VALUES (5, 'VVIP', 'COUPON_PERCENT', NULL, NULL, 20, NULL, 10000, 70);
INSERT INTO public.franchise_discount_policy VALUES (13, 'VIP', 'MEMBERSHIP_UNIT', 100, NULL, NULL, NULL, NULL, 29);
INSERT INTO public.franchise_discount_policy VALUES (19, 'VVIP', 'COUPON_FIXED', NULL, 2500, NULL, 17000, NULL, 46);
INSERT INTO public.franchise_discount_policy VALUES (14, 'VVIP', 'COUPON_PERCENT', NULL, NULL, 15, NULL, NULL, 31);
INSERT INTO public.franchise_discount_policy VALUES (10, 'VIP', 'COUPON_FIXED', NULL, 3000, NULL, 10000, 40000, 17);
INSERT INTO public.franchise_discount_policy VALUES (19, 'VIP', 'COUPON_FIXED', NULL, 2500, NULL, 17000, NULL, 47);
INSERT INTO public.franchise_discount_policy VALUES (23, 'VIP', 'MEMBERSHIP_UNIT', 100, NULL, NULL, NULL, NULL, 62);
INSERT INTO public.franchise_discount_policy VALUES (3, 'VIP', 'COUPON_PERCENT', NULL, NULL, 20, NULL, 10000, 68);
INSERT INTO public.franchise_discount_policy VALUES (15, 'BASIC', 'COUPON_PERCENT', NULL, NULL, 5, NULL, NULL, 36);
INSERT INTO public.franchise_discount_policy VALUES (20, 'BASIC', 'COUPON_FIXED', NULL, 4000, NULL, 20000, NULL, 54);
INSERT INTO public.franchise_discount_policy VALUES (25, 'VVIP', 'COUPON_PERCENT', NULL, NULL, 20, NULL, 10000, 76);
INSERT INTO public.franchise_discount_policy VALUES (7, 'BASIC', 'COUPON_PERCENT', NULL, NULL, 20, NULL, 20000, 9);
INSERT INTO public.franchise_discount_policy VALUES (2, 'BASIC', 'MEMBERSHIP_UNIT', 50, NULL, NULL, NULL, 10000, 27);
INSERT INTO public.franchise_discount_policy VALUES (5, 'BASIC', 'COUPON_PERCENT', NULL, NULL, 20, NULL, 10000, 72);
INSERT INTO public.franchise_discount_policy VALUES (11, 'BASIC', 'COUPON_FIXED', NULL, 2000, NULL, 10000, 30000, 21);
INSERT INTO public.franchise_discount_policy VALUES (10, 'BASIC', 'COUPON_FIXED', NULL, 2000, NULL, 10000, 30000, 18);
INSERT INTO public.franchise_discount_policy VALUES (14, 'BASIC', 'COUPON_PERCENT', NULL, NULL, 5, NULL, NULL, 33);
INSERT INTO public.franchise_discount_policy VALUES (10, 'VVIP', 'COUPON_FIXED', NULL, 3000, NULL, 10000, 40000, 16);
INSERT INTO public.franchise_discount_policy VALUES (12, 'VIP', 'MEMBERSHIP_UNIT', 100, NULL, NULL, NULL, NULL, 23);
INSERT INTO public.franchise_discount_policy VALUES (21, 'BASIC', 'COUPON_FIXED', NULL, 4000, NULL, 20000, NULL, 66);
INSERT INTO public.franchise_discount_policy VALUES (21, 'VVIP', 'MEMBERSHIP_UNIT', 150, NULL, NULL, NULL, NULL, 55);
INSERT INTO public.franchise_discount_policy VALUES (13, 'BASIC', 'MEMBERSHIP_UNIT', 50, NULL, NULL, NULL, NULL, 30);
INSERT INTO public.franchise_discount_policy VALUES (1, 'VVIP', 'COUPON_FIXED', NULL, 2000, NULL, NULL, NULL, 49);
INSERT INTO public.franchise_discount_policy VALUES (3, 'BASIC', 'COUPON_PERCENT', NULL, NULL, 20, NULL, 10000, 69);
INSERT INTO public.franchise_discount_policy VALUES (5, 'VIP', 'COUPON_PERCENT', NULL, NULL, 20, NULL, 10000, 71);
INSERT INTO public.franchise_discount_policy VALUES (16, 'BASIC', 'COUPON_PERCENT', NULL, NULL, 5, NULL, NULL, 39);
INSERT INTO public.franchise_discount_policy VALUES (11, 'VVIP', 'COUPON_FIXED', NULL, 3000, NULL, 10000, 30000, 19);
INSERT INTO public.franchise_discount_policy VALUES (25, 'VIP', 'COUPON_PERCENT', NULL, NULL, 20, NULL, 10000, 77);
INSERT INTO public.franchise_discount_policy VALUES (16, 'VVIP', 'COUPON_PERCENT', NULL, NULL, 10, NULL, NULL, 37);
INSERT INTO public.franchise_discount_policy VALUES (13, 'VVIP', 'MEMBERSHIP_UNIT', 150, NULL, NULL, NULL, NULL, 28);
INSERT INTO public.franchise_discount_policy VALUES (12, 'VVIP', 'MEMBERSHIP_UNIT', 100, NULL, NULL, NULL, NULL, 22);
INSERT INTO public.franchise_discount_policy VALUES (18, 'BASIC', 'COUPON_PERCENT', NULL, NULL, 10, NULL, NULL, 45);
INSERT INTO public.franchise_discount_policy VALUES (17, 'BASIC', 'COUPON_PERCENT', NULL, NULL, 5, NULL, NULL, 42);
INSERT INTO public.franchise_discount_policy VALUES (6, 'VVIP', 'COUPON_FIXED', NULL, 3000, NULL, 20000, NULL, 1);
INSERT INTO public.franchise_discount_policy VALUES (18, 'VIP', 'COUPON_PERCENT', NULL, NULL, 10, NULL, NULL, 44);
INSERT INTO public.franchise_discount_policy VALUES (22, 'BASIC', 'MEMBERSHIP_UNIT', 50, NULL, NULL, NULL, NULL, 60);
INSERT INTO public.franchise_discount_policy VALUES (16, 'VIP', 'COUPON_PERCENT', NULL, NULL, 10, NULL, NULL, 38);
INSERT INTO public.franchise_discount_policy VALUES (21, 'VIP', 'MEMBERSHIP_UNIT', 100, NULL, NULL, NULL, NULL, 56);
INSERT INTO public.franchise_discount_policy VALUES (19, 'BASIC', 'COUPON_FIXED', NULL, 2500, NULL, 17000, NULL, 48);
INSERT INTO public.franchise_discount_policy VALUES (24, 'VIP', 'COUPON_PERCENT', NULL, NULL, 20, NULL, 10000, 74);
INSERT INTO public.franchise_discount_policy VALUES (20, 'VVIP', 'COUPON_FIXED', NULL, 4000, NULL, NULL, NULL, 52);
INSERT INTO public.franchise_discount_policy VALUES (15, 'VVIP', 'COUPON_PERCENT', NULL, NULL, 15, NULL, NULL, 34);
INSERT INTO public.franchise_discount_policy VALUES (6, 'VIP', 'COUPON_FIXED', NULL, 3000, NULL, 20000, NULL, 2);
INSERT INTO public.franchise_discount_policy VALUES (6, 'BASIC', 'COUPON_FIXED', NULL, 2000, NULL, 20000, NULL, 3);
INSERT INTO public.franchise_discount_policy VALUES (4, 'BASIC', 'MEMBERSHIP_UNIT', 50, NULL, NULL, NULL, NULL, 6);
INSERT INTO public.franchise_discount_policy VALUES (4, 'VIP', 'MEMBERSHIP_UNIT', 100, NULL, NULL, NULL, NULL, 5);
INSERT INTO public.franchise_discount_policy VALUES (22, 'VIP', 'MEMBERSHIP_UNIT', 100, NULL, NULL, NULL, NULL, 59);
INSERT INTO public.franchise_discount_policy VALUES (21, 'BASIC', 'MEMBERSHIP_UNIT', 50, NULL, NULL, 10000, NULL, 57);
INSERT INTO public.franchise_discount_policy VALUES (23, 'BASIC', 'MEMBERSHIP_UNIT', 50, NULL, NULL, NULL, NULL, 63);
INSERT INTO public.franchise_discount_policy VALUES (1, 'BASIC', 'COUPON_FIXED', NULL, 2000, NULL, 10000, NULL, 51);
INSERT INTO public.franchise_discount_policy VALUES (23, 'VVIP', 'MEMBERSHIP_UNIT', 100, NULL, NULL, NULL, NULL, 61);
INSERT INTO public.franchise_discount_policy VALUES (20, 'VIP', 'COUPON_FIXED', NULL, 4000, NULL, NULL, NULL, 53);
INSERT INTO public.franchise_discount_policy VALUES (8, 'BASIC', 'MEMBERSHIP_UNIT', 50, NULL, NULL, NULL, NULL, 12);
INSERT INTO public.franchise_discount_policy VALUES (21, 'VIP', 'COUPON_FIXED', NULL, 4000, NULL, 20000, NULL, 65);
INSERT INTO public.franchise_discount_policy VALUES (21, 'VVIP', 'COUPON_FIXED', NULL, 4000, NULL, 20000, NULL, 64);
INSERT INTO public.franchise_discount_policy VALUES (8, 'VVIP', 'MEMBERSHIP_UNIT', 100, NULL, NULL, NULL, NULL, 10);
INSERT INTO public.franchise_discount_policy VALUES (8, 'VIP', 'MEMBERSHIP_UNIT', 100, NULL, NULL, NULL, NULL, 11);
INSERT INTO public.franchise_discount_policy VALUES (22, 'VVIP', 'MEMBERSHIP_UNIT', 150, NULL, NULL, NULL, NULL, 58);
INSERT INTO public.franchise_discount_policy VALUES (9, 'VIP', 'MEMBERSHIP_FIXED', NULL, 4000, NULL, NULL, 40000, 14);
INSERT INTO public.franchise_discount_policy VALUES (9, 'BASIC', 'MEMBERSHIP_FIXED', NULL, 3000, NULL, NULL, 30000, 15);
INSERT INTO public.franchise_discount_policy VALUES (9, 'VVIP', 'MEMBERSHIP_FIXED', NULL, 4000, NULL, NULL, 40000, 13);


--
-- TOC entry 5614 (class 0 OID 22834)
-- Dependencies: 266
-- Data for Name: franchises; Type: TABLE DATA; Schema: public; Owner: -
--

INSERT INTO public.franchises VALUES (7, '유앤아이피부과의원', 'BEAUTY', '');
INSERT INTO public.franchises VALUES (19, '굽네치킨', 'FOOD', '');
INSERT INTO public.franchises VALUES (23, '싱카이', 'FOOD', '');
INSERT INTO public.franchises VALUES (2, '파리바게뜨', 'BAKERY', '');
INSERT INTO public.franchises VALUES (9, '도미노피자', 'FOOD', '');
INSERT INTO public.franchises VALUES (11, '피자헛', 'FOOD', '');
INSERT INTO public.franchises VALUES (3, '맥도날드', 'FOOD', '');
INSERT INTO public.franchises VALUES (10, '미스터피자', 'FOOD', '');
INSERT INTO public.franchises VALUES (5, 'CU', 'LIFE', '');
INSERT INTO public.franchises VALUES (12, '브레댄코', 'BAKERY', '');
INSERT INTO public.franchises VALUES (8, '파리크라상', 'BAKERY', '');
INSERT INTO public.franchises VALUES (14, 'VIPS', 'FOOD', '');
INSERT INTO public.franchises VALUES (15, '더플레이스', 'FOOD', '');
INSERT INTO public.franchises VALUES (25, '아쿠아플라넷', 'ACTIVITY', '');
INSERT INTO public.franchises VALUES (6, 'GS THE FRESH', 'LIFE', '');
INSERT INTO public.franchises VALUES (13, '뚜레쥬르', 'BAKERY', '');
INSERT INTO public.franchises VALUES (16, '유가네닭갈비', 'FOOD', '');
INSERT INTO public.franchises VALUES (4, 'GS 25', 'LIFE', '');
INSERT INTO public.franchises VALUES (22, '푸드엠파이어', 'FOOD', '');
INSERT INTO public.franchises VALUES (17, '라그릴리아', 'FOOD', '');
INSERT INTO public.franchises VALUES (20, '롯데시네마', 'CULTURE', '');
INSERT INTO public.franchises VALUES (18, '서울드래곤시티', 'CULTURE', '');
INSERT INTO public.franchises VALUES (24, '그라운드시소', 'CULTURE', '');
INSERT INTO public.franchises VALUES (21, '메가박스', 'CULTURE', '');
INSERT INTO public.franchises VALUES (1, 'CGV', 'CULTURE', '');


--
-- TOC entry 5581 (class 0 OID 22253)
-- Dependencies: 233
-- Data for Name: general_discount_policy; Type: TABLE DATA; Schema: public; Owner: -
--

INSERT INTO public.general_discount_policy VALUES (103, 392, 100, NULL, NULL, NULL, 20000, 'MEMBERSHIP_UNIT', 'ALL', 'LOCAL');
INSERT INTO public.general_discount_policy VALUES (18, 307, 100, NULL, NULL, NULL, 20000, 'MEMBERSHIP_UNIT', 'ALL', 'LOCAL');
INSERT INTO public.general_discount_policy VALUES (19, 308, 100, NULL, NULL, NULL, 20000, 'MEMBERSHIP_UNIT', 'ALL', 'LOCAL');
INSERT INTO public.general_discount_policy VALUES (102, 391, 100, NULL, NULL, NULL, 20000, 'MEMBERSHIP_UNIT', 'ALL', 'LOCAL');
INSERT INTO public.general_discount_policy VALUES (13, 159, NULL, NULL, 20, NULL, 20000, 'COUPON_PERCENT', 'ALL', 'BASIC');
INSERT INTO public.general_discount_policy VALUES (76, 365, 100, NULL, NULL, NULL, 20000, 'MEMBERSHIP_UNIT', 'ALL', 'LOCAL');
INSERT INTO public.general_discount_policy VALUES (72, 361, 100, NULL, NULL, NULL, 20000, 'MEMBERSHIP_UNIT', 'ALL', 'LOCAL');
INSERT INTO public.general_discount_policy VALUES (54, 343, 100, NULL, NULL, NULL, 20000, 'MEMBERSHIP_UNIT', 'ALL', 'LOCAL');
INSERT INTO public.general_discount_policy VALUES (50, 339, 100, NULL, NULL, NULL, 20000, 'MEMBERSHIP_UNIT', 'ALL', 'LOCAL');
INSERT INTO public.general_discount_policy VALUES (51, 340, 100, NULL, NULL, NULL, 20000, 'MEMBERSHIP_UNIT', 'ALL', 'LOCAL');
INSERT INTO public.general_discount_policy VALUES (77, 366, 100, NULL, NULL, NULL, 20000, 'MEMBERSHIP_UNIT', 'ALL', 'LOCAL');
INSERT INTO public.general_discount_policy VALUES (75, 364, 100, NULL, NULL, NULL, 20000, 'MEMBERSHIP_UNIT', 'ALL', 'LOCAL');
INSERT INTO public.general_discount_policy VALUES (14, 160, NULL, NULL, 20, NULL, 20000, 'COUPON_PERCENT', 'ALL', 'BASIC');
INSERT INTO public.general_discount_policy VALUES (73, 362, 100, NULL, NULL, NULL, 20000, 'MEMBERSHIP_UNIT', 'ALL', 'LOCAL');
INSERT INTO public.general_discount_policy VALUES (36, 325, 100, NULL, NULL, NULL, 20000, 'MEMBERSHIP_UNIT', 'ALL', 'LOCAL');
INSERT INTO public.general_discount_policy VALUES (34, 323, 100, NULL, NULL, NULL, 20000, 'MEMBERSHIP_UNIT', 'ALL', 'LOCAL');
INSERT INTO public.general_discount_policy VALUES (38, 327, 100, NULL, NULL, NULL, 20000, 'MEMBERSHIP_UNIT', 'ALL', 'LOCAL');
INSERT INTO public.general_discount_policy VALUES (61, 350, 100, NULL, NULL, NULL, 20000, 'MEMBERSHIP_UNIT', 'ALL', 'LOCAL');
INSERT INTO public.general_discount_policy VALUES (39, 328, 100, NULL, NULL, NULL, 20000, 'MEMBERSHIP_UNIT', 'ALL', 'LOCAL');
INSERT INTO public.general_discount_policy VALUES (57, 346, 100, NULL, NULL, NULL, 20000, 'MEMBERSHIP_UNIT', 'ALL', 'LOCAL');
INSERT INTO public.general_discount_policy VALUES (56, 345, 100, NULL, NULL, NULL, 20000, 'MEMBERSHIP_UNIT', 'ALL', 'LOCAL');
INSERT INTO public.general_discount_policy VALUES (15, 161, NULL, NULL, 15, NULL, 15000, 'COUPON_PERCENT', 'ALL', 'BASIC');
INSERT INTO public.general_discount_policy VALUES (1, 147, NULL, NULL, 10, NULL, 10000, 'COUPON_PERCENT', 'ALL', 'BASIC');
INSERT INTO public.general_discount_policy VALUES (99, 388, 100, NULL, NULL, NULL, 20000, 'MEMBERSHIP_UNIT', 'ALL', 'LOCAL');
INSERT INTO public.general_discount_policy VALUES (91, 380, 100, NULL, NULL, NULL, 20000, 'MEMBERSHIP_UNIT', 'ALL', 'LOCAL');
INSERT INTO public.general_discount_policy VALUES (53, 342, 100, NULL, NULL, NULL, 20000, 'MEMBERSHIP_UNIT', 'ALL', 'LOCAL');
INSERT INTO public.general_discount_policy VALUES (22, 311, 100, NULL, NULL, NULL, 20000, 'MEMBERSHIP_UNIT', 'ALL', 'LOCAL');
INSERT INTO public.general_discount_policy VALUES (67, 356, 100, NULL, NULL, NULL, 20000, 'MEMBERSHIP_UNIT', 'ALL', 'LOCAL');
INSERT INTO public.general_discount_policy VALUES (69, 358, 100, NULL, NULL, NULL, 20000, 'MEMBERSHIP_UNIT', 'ALL', 'LOCAL');
INSERT INTO public.general_discount_policy VALUES (30, 319, 100, NULL, NULL, NULL, 20000, 'MEMBERSHIP_UNIT', 'ALL', 'LOCAL');
INSERT INTO public.general_discount_policy VALUES (104, 393, 100, NULL, NULL, NULL, 20000, 'MEMBERSHIP_UNIT', 'ALL', 'LOCAL');
INSERT INTO public.general_discount_policy VALUES (20, 309, 100, NULL, NULL, NULL, 20000, 'MEMBERSHIP_UNIT', 'ALL', 'LOCAL');
INSERT INTO public.general_discount_policy VALUES (101, 390, 100, NULL, NULL, NULL, 20000, 'MEMBERSHIP_UNIT', 'ALL', 'LOCAL');
INSERT INTO public.general_discount_policy VALUES (9, 155, NULL, NULL, 20, NULL, 20000, 'COUPON_PERCENT', 'ALL', 'BASIC');
INSERT INTO public.general_discount_policy VALUES (81, 370, 100, NULL, NULL, NULL, 20000, 'MEMBERSHIP_UNIT', 'ALL', 'LOCAL');
INSERT INTO public.general_discount_policy VALUES (89, 378, 100, NULL, NULL, NULL, 20000, 'MEMBERSHIP_UNIT', 'ALL', 'LOCAL');
INSERT INTO public.general_discount_policy VALUES (24, 313, 100, NULL, NULL, NULL, 20000, 'MEMBERSHIP_UNIT', 'ALL', 'LOCAL');
INSERT INTO public.general_discount_policy VALUES (95, 384, 100, NULL, NULL, NULL, 20000, 'MEMBERSHIP_UNIT', 'ALL', 'LOCAL');
INSERT INTO public.general_discount_policy VALUES (83, 372, 100, NULL, NULL, NULL, 20000, 'MEMBERSHIP_UNIT', 'ALL', 'LOCAL');
INSERT INTO public.general_discount_policy VALUES (85, 374, 100, NULL, NULL, NULL, 20000, 'MEMBERSHIP_UNIT', 'ALL', 'LOCAL');
INSERT INTO public.general_discount_policy VALUES (11, 157, NULL, NULL, 35, NULL, 35000, 'COUPON_PERCENT', 'ALL', 'BASIC');
INSERT INTO public.general_discount_policy VALUES (48, 337, 100, NULL, NULL, NULL, 20000, 'MEMBERSHIP_UNIT', 'ALL', 'LOCAL');
INSERT INTO public.general_discount_policy VALUES (33, 322, 100, NULL, NULL, NULL, 20000, 'MEMBERSHIP_UNIT', 'ALL', 'LOCAL');
INSERT INTO public.general_discount_policy VALUES (32, 321, 100, NULL, NULL, NULL, 20000, 'MEMBERSHIP_UNIT', 'ALL', 'LOCAL');
INSERT INTO public.general_discount_policy VALUES (8, 154, NULL, NULL, 40, NULL, 40000, 'COUPON_PERCENT', 'ALL', 'BASIC');
INSERT INTO public.general_discount_policy VALUES (65, 354, 100, NULL, NULL, NULL, 20000, 'MEMBERSHIP_UNIT', 'ALL', 'LOCAL');
INSERT INTO public.general_discount_policy VALUES (79, 368, 100, NULL, NULL, NULL, 20000, 'MEMBERSHIP_UNIT', 'ALL', 'LOCAL');
INSERT INTO public.general_discount_policy VALUES (64, 353, 100, NULL, NULL, NULL, 20000, 'MEMBERSHIP_UNIT', 'ALL', 'LOCAL');
INSERT INTO public.general_discount_policy VALUES (46, 335, 100, NULL, NULL, NULL, 20000, 'MEMBERSHIP_UNIT', 'ALL', 'LOCAL');
INSERT INTO public.general_discount_policy VALUES (47, 336, 100, NULL, NULL, NULL, 20000, 'MEMBERSHIP_UNIT', 'ALL', 'LOCAL');
INSERT INTO public.general_discount_policy VALUES (63, 352, 100, NULL, NULL, NULL, 20000, 'MEMBERSHIP_UNIT', 'ALL', 'LOCAL');
INSERT INTO public.general_discount_policy VALUES (49, 338, 100, NULL, NULL, NULL, 20000, 'MEMBERSHIP_UNIT', 'ALL', 'LOCAL');
INSERT INTO public.general_discount_policy VALUES (60, 349, 100, NULL, NULL, NULL, 20000, 'MEMBERSHIP_UNIT', 'ALL', 'LOCAL');
INSERT INTO public.general_discount_policy VALUES (58, 347, 100, NULL, NULL, NULL, 20000, 'MEMBERSHIP_UNIT', 'ALL', 'LOCAL');
INSERT INTO public.general_discount_policy VALUES (59, 348, 100, NULL, NULL, NULL, 20000, 'MEMBERSHIP_UNIT', 'ALL', 'LOCAL');
INSERT INTO public.general_discount_policy VALUES (74, 363, 100, NULL, NULL, NULL, 20000, 'MEMBERSHIP_UNIT', 'ALL', 'LOCAL');
INSERT INTO public.general_discount_policy VALUES (68, 357, 100, NULL, NULL, NULL, 20000, 'MEMBERSHIP_UNIT', 'ALL', 'LOCAL');
INSERT INTO public.general_discount_policy VALUES (21, 310, 100, NULL, NULL, NULL, 20000, 'MEMBERSHIP_UNIT', 'ALL', 'LOCAL');
INSERT INTO public.general_discount_policy VALUES (37, 326, 100, NULL, NULL, NULL, 20000, 'MEMBERSHIP_UNIT', 'ALL', 'LOCAL');
INSERT INTO public.general_discount_policy VALUES (105, 394, 100, NULL, NULL, NULL, 20000, 'MEMBERSHIP_UNIT', 'ALL', 'LOCAL');
INSERT INTO public.general_discount_policy VALUES (52, 341, 100, NULL, NULL, NULL, 20000, 'MEMBERSHIP_UNIT', 'ALL', 'LOCAL');
INSERT INTO public.general_discount_policy VALUES (10, 156, NULL, NULL, 20, NULL, 20000, 'COUPON_PERCENT', 'ALL', 'BASIC');
INSERT INTO public.general_discount_policy VALUES (12, 158, NULL, NULL, 25, NULL, 25000, 'COUPON_PERCENT', 'ALL', 'BASIC');
INSERT INTO public.general_discount_policy VALUES (98, 387, 100, NULL, NULL, NULL, 20000, 'MEMBERSHIP_UNIT', 'ALL', 'LOCAL');
INSERT INTO public.general_discount_policy VALUES (100, 389, 100, NULL, NULL, NULL, 20000, 'MEMBERSHIP_UNIT', 'ALL', 'LOCAL');
INSERT INTO public.general_discount_policy VALUES (78, 367, 100, NULL, NULL, NULL, 20000, 'MEMBERSHIP_UNIT', 'ALL', 'LOCAL');
INSERT INTO public.general_discount_policy VALUES (31, 320, 100, NULL, NULL, NULL, 20000, 'MEMBERSHIP_UNIT', 'ALL', 'LOCAL');
INSERT INTO public.general_discount_policy VALUES (66, 355, 100, NULL, NULL, NULL, 20000, 'MEMBERSHIP_UNIT', 'ALL', 'LOCAL');
INSERT INTO public.general_discount_policy VALUES (90, 379, 100, NULL, NULL, NULL, 20000, 'MEMBERSHIP_UNIT', 'ALL', 'LOCAL');
INSERT INTO public.general_discount_policy VALUES (70, 359, 100, NULL, NULL, NULL, 20000, 'MEMBERSHIP_UNIT', 'ALL', 'LOCAL');
INSERT INTO public.general_discount_policy VALUES (40, 329, 100, NULL, NULL, NULL, 20000, 'MEMBERSHIP_UNIT', 'ALL', 'LOCAL');
INSERT INTO public.general_discount_policy VALUES (80, 369, 100, NULL, NULL, NULL, 20000, 'MEMBERSHIP_UNIT', 'ALL', 'LOCAL');
INSERT INTO public.general_discount_policy VALUES (94, 383, 100, NULL, NULL, NULL, 20000, 'MEMBERSHIP_UNIT', 'ALL', 'LOCAL');
INSERT INTO public.general_discount_policy VALUES (84, 373, 100, NULL, NULL, NULL, 20000, 'MEMBERSHIP_UNIT', 'ALL', 'LOCAL');
INSERT INTO public.general_discount_policy VALUES (82, 371, 100, NULL, NULL, NULL, 20000, 'MEMBERSHIP_UNIT', 'ALL', 'LOCAL');
INSERT INTO public.general_discount_policy VALUES (87, 376, 100, NULL, NULL, NULL, 20000, 'MEMBERSHIP_UNIT', 'ALL', 'LOCAL');
INSERT INTO public.general_discount_policy VALUES (71, 360, 100, NULL, NULL, NULL, 20000, 'MEMBERSHIP_UNIT', 'ALL', 'LOCAL');
INSERT INTO public.general_discount_policy VALUES (23, 312, 100, NULL, NULL, NULL, 20000, 'MEMBERSHIP_UNIT', 'ALL', 'LOCAL');
INSERT INTO public.general_discount_policy VALUES (35, 324, 100, NULL, NULL, NULL, 20000, 'MEMBERSHIP_UNIT', 'ALL', 'LOCAL');
INSERT INTO public.general_discount_policy VALUES (3, 149, NULL, NULL, 40, NULL, 50000, 'COUPON_PERCENT', 'ALL', 'BASIC');
INSERT INTO public.general_discount_policy VALUES (43, 332, 100, NULL, NULL, NULL, 20000, 'MEMBERSHIP_UNIT', 'ALL', 'LOCAL');
INSERT INTO public.general_discount_policy VALUES (45, 334, 100, NULL, NULL, NULL, 20000, 'MEMBERSHIP_UNIT', 'ALL', 'LOCAL');
INSERT INTO public.general_discount_policy VALUES (41, 330, 100, NULL, NULL, NULL, 20000, 'MEMBERSHIP_UNIT', 'ALL', 'LOCAL');
INSERT INTO public.general_discount_policy VALUES (28, 317, 100, NULL, NULL, NULL, 20000, 'MEMBERSHIP_UNIT', 'ALL', 'LOCAL');
INSERT INTO public.general_discount_policy VALUES (93, 382, 100, NULL, NULL, NULL, 20000, 'MEMBERSHIP_UNIT', 'ALL', 'LOCAL');
INSERT INTO public.general_discount_policy VALUES (97, 386, 100, NULL, NULL, NULL, 20000, 'MEMBERSHIP_UNIT', 'ALL', 'LOCAL');
INSERT INTO public.general_discount_policy VALUES (17, 306, 100, NULL, NULL, NULL, 20000, 'MEMBERSHIP_UNIT', 'ALL', 'LOCAL');
INSERT INTO public.general_discount_policy VALUES (26, 315, 100, NULL, NULL, NULL, 20000, 'MEMBERSHIP_UNIT', 'ALL', 'LOCAL');
INSERT INTO public.general_discount_policy VALUES (96, 385, 100, NULL, NULL, NULL, 20000, 'MEMBERSHIP_UNIT', 'ALL', 'LOCAL');
INSERT INTO public.general_discount_policy VALUES (7, 153, NULL, NULL, 20, NULL, 20000, 'COUPON_PERCENT', 'ALL', 'BASIC');
INSERT INTO public.general_discount_policy VALUES (62, 351, 100, NULL, NULL, NULL, 20000, 'MEMBERSHIP_UNIT', 'ALL', 'LOCAL');
INSERT INTO public.general_discount_policy VALUES (6, 152, NULL, NULL, 30, NULL, 30000, 'COUPON_PERCENT', 'ALL', 'BASIC');
INSERT INTO public.general_discount_policy VALUES (4, 150, NULL, NULL, 50, NULL, 50000, 'COUPON_PERCENT', 'ALL', 'BASIC');
INSERT INTO public.general_discount_policy VALUES (2, 148, NULL, NULL, 20, NULL, 20000, 'COUPON_PERCENT', 'ALL', 'BASIC');
INSERT INTO public.general_discount_policy VALUES (92, 381, 100, NULL, NULL, NULL, 20000, 'MEMBERSHIP_UNIT', 'ALL', 'LOCAL');
INSERT INTO public.general_discount_policy VALUES (29, 318, 100, NULL, NULL, NULL, 20000, 'MEMBERSHIP_UNIT', 'ALL', 'LOCAL');
INSERT INTO public.general_discount_policy VALUES (5, 151, NULL, 3000, NULL, 20000, NULL, 'COUPON_FIXED', 'ALL', 'BASIC');
INSERT INTO public.general_discount_policy VALUES (27, 316, 100, NULL, NULL, NULL, 20000, 'MEMBERSHIP_UNIT', 'ALL', 'LOCAL');
INSERT INTO public.general_discount_policy VALUES (42, 331, 100, NULL, NULL, NULL, 20000, 'MEMBERSHIP_UNIT', 'ALL', 'LOCAL');
INSERT INTO public.general_discount_policy VALUES (44, 333, 100, NULL, NULL, NULL, 20000, 'MEMBERSHIP_UNIT', 'ALL', 'LOCAL');
INSERT INTO public.general_discount_policy VALUES (86, 375, 100, NULL, NULL, NULL, 20000, 'MEMBERSHIP_UNIT', 'ALL', 'LOCAL');
INSERT INTO public.general_discount_policy VALUES (16, 162, NULL, NULL, 10, NULL, 10000, 'COUPON_PERCENT', 'ALL', 'BASIC');
INSERT INTO public.general_discount_policy VALUES (25, 314, 100, NULL, NULL, NULL, 20000, 'MEMBERSHIP_UNIT', 'ALL', 'LOCAL');
INSERT INTO public.general_discount_policy VALUES (88, 377, 100, NULL, NULL, NULL, 20000, 'MEMBERSHIP_UNIT', 'ALL', 'LOCAL');
INSERT INTO public.general_discount_policy VALUES (55, 344, 100, NULL, NULL, NULL, 20000, 'MEMBERSHIP_UNIT', 'ALL', 'LOCAL');


--
-- TOC entry 5617 (class 0 OID 25928)
-- Dependencies: 269
-- Data for Name: owners; Type: TABLE DATA; Schema: public; Owner: -
--



--
-- TOC entry 5598 (class 0 OID 22320)
-- Dependencies: 250
-- Data for Name: places; Type: TABLE DATA; Schema: public; Owner: -
--

INSERT INTO public.places VALUES (115, 4, 'GS25 강서점', 'GS25 강서점입니다.', '서울특별시 강서구 강서로 381 (가양동)', 37.5600000, 126.8400000, 'FRANCHISE', 'NONE', 'FOOD', 0, 0, '할인', '02-665-8379', '0101000020E6100000F6285C8FC2B55F4048E17A14AEC74240');
INSERT INTO public.places VALUES (118, 2, '파리바게뜨 등촌점', '파리바게뜨 등촌점입니다', '서울특별시 강서구 등촌로 101, 1층 (등촌동, 배광교회)', 37.5400000, 126.8600000, 'FRANCHISE', 'NONE', 'BAKERY', 9, 20, '무료 서비스', '02-2644-0191', '0101000020E6100000D7A3703D0AB75F4085EB51B81EC54240');
INSERT INTO public.places VALUES (137, 4, 'GS25 방화45길점', '대한민국 국가대표 편의점 GS25', '서울특별시 강서구 방화대로45길 52, 1층 (방화동, GS25편의점 내)', 37.5700000, 126.8100000, 'FRANCHISE', 'NONE', 'LIFE', 0, 0, '할인', '080-855-5525', '0101000020E6100000A4703D0AD7B35F40295C8FC2F5C84240');
INSERT INTO public.places VALUES (144, 4, 'GS25 곰달래자활센터점', '대한민국 국가대표 편의점 GS25', '서울특별시 강서구 곰달래로 180, 1층 (화곡동, 2동 서울강서지역자활센터)', 37.5300000, 126.8500000, 'FRANCHISE', 'NONE', 'LIFE', 0, 0, '할인', '080-855-5525', '0101000020E61000006666666666B65F40A4703D0AD7C34240');
INSERT INTO public.places VALUES (151, NULL, '대관령 하늘 목장', '하늘과 초원이 마주하는 대관령 하늘목장 ( 대인 3천원 할인/ 소인 2천원 할인 )', '강원 평창군 대관령면 횡계리 470-5', 37.7100000, 128.7200000, 'BASIC', 'NONE', 'ACTIVITY', 9, 20, '적립', ' 033-332-8061', '0101000020E6100000D7A3703D0A1760407B14AE47E1DA4240');
INSERT INTO public.places VALUES (157, NULL, '뽀로로 아쿠아빌리지', '뽀로로와 함께 떠나는 두근두근 어드벤처 (본인 포함 3인)', '경북 경주시 보문로 182-27', 35.8600000, 129.2700000, 'BASIC', 'NONE', 'ACTIVITY', 9, 20, '할인', '1588-2299', '0101000020E6100000713D0AD7A3286040AE47E17A14EE4140');
INSERT INTO public.places VALUES (160, NULL, '오가나셀 피부과의원 청담점', '치료의 결과와 고객 만족을 최우선으로 생각하는 오가나셀 피부과의원
(스킨케어, 제모 할인 받으세요)', '서울특별시 강남구 도산대로 420 청담스퀘어 2층 211호', 37.5200000, 127.0400000, 'BASIC', 'NONE', 'BEAUTY', 9, 20, '무료 서비스', '02-542-8885', '0101000020E6100000C3F5285C8FC25F40C3F5285C8FC24240');
INSERT INTO public.places VALUES (167, 7, '유앤아이피부과의원 잠실점', '예뻐지는 시간, 유앤아이의원', '서울특별시 송파구 올림픽로 240 롯데월드 웰빙센터 3층', 37.5100000, 127.1000000, 'FRANCHISE', 'NONE', 'BEAUTY', 9, 20, '무료 서비스', '1661-6020', '0101000020E61000006666666666C65F40E17A14AE47C14240');
INSERT INTO public.places VALUES (314, NULL, '달콤이네', '샌드위치와 마카롱이 맛있는 도시락 빵집', '서울특별시 서대문구 거북골로20길 41 1층 상가', 37.5800000, 126.9100000, 'LOCAL', 'NONE', 'BAKERY', 9, 20, '할인', '010-4275-1332', '0101000020E61000000AD7A3703DBA5F400AD7A3703DCA4240');
INSERT INTO public.places VALUES (138, 4, 'GS25 화곡61길점', '대한민국 국가대표 편의점 GS25', '서울특별시 강서구 화곡로61길 31, 1층 (등촌동, 3동)', 37.5600000, 126.8500000, 'FRANCHISE', 'GENERAL', 'LIFE', 0, 0, '할인', '080-855-5525', '0101000020E61000006666666666B65F4048E17A14AEC74240');
INSERT INTO public.places VALUES (259, 12, '브레댄코 용인다보스병원점', '건강한 하루 한끼를 책임지는 건강한 빵', '
경기도 용인시 처인구 백옥대로 1082번길 18, 1층(김량장동, 다보스종합병원)', 37.2300000, 127.2100000, 'FRANCHISE', 'NONE', 'BAKERY', 9, 20, '적립', '080-855-5532', '0101000020E61000003D0AD7A370CD5F403D0AD7A3709D4240');
INSERT INTO public.places VALUES (298, 17, '라그릴리아 등촌점', '정통 이탈리안 그릴 및 파스타 요리를 선보이는 이탈리안 캐주얼 레스토랑입니다.', '서울특별시 강서구 공항대로41길 34, 1층 101호 (등촌동, 3동 플러스존)', 37.5600000, 126.8500000, 'FRANCHISE', 'GENERAL', 'FOOD', 9, 20, '할인', '080-731-2027', '0101000020E61000006666666666B65F4048E17A14AEC74240');
INSERT INTO public.places VALUES (299, 18, '서울드래곤시티 강서점', '그랜드머큐어, 노보텔, 노보텔스위트, 이비스스타일 4개의 브랜드로 이루어진 국내 최초 호텔 플렉스', '서울특별시 강서구 강서로45길 49-4, 상가동 1층 7호 (내발산동, 태승훼미리아파트)', 37.5500000, 126.8400000, 'FRANCHISE', 'GENERAL', 'FOOD', 9, 20, '무료 서비스', '02-2223-7000', '0101000020E6100000F6285C8FC2B55F406666666666C64240');
INSERT INTO public.places VALUES (192, 7, '유앤아이피부과의원 대전점', '예뻐지는 시간, 유앤아이의원', '대전 서구 대덕대로 189 5층, 6층', 36.3500000, 127.3800000, 'FRANCHISE', 'NONE', 'BEAUTY', 9, 20, '무료 서비스', '1661-6020', '0101000020E6100000B81E85EB51D85F40CDCCCCCCCC2C4240');
INSERT INTO public.places VALUES (119, NULL, '허니네커피', '허니네커피 프렌차이즈 아닙니다.', '서울특별시 강서구 강서로45가길 47, 2층 202호 (화곡동, 3동)', 37.5500000, 126.8400000, 'BASIC', 'GENERAL', 'CAFE', 9, 20, '상품 증정', '02-2607-7746', '0101000020E6100000F6285C8FC2B55F406666666666C64240');
INSERT INTO public.places VALUES (465, NULL, '강서구청 팝업스토어', '이벤트 한정 상품 제공', '서울 강서구 화곡로 302', 37.5500000, 126.8400000, 'POPUP', 'REQUIRE', 'CAFE', 10, 20, 'UNEAR', '02-2600-6114', NULL);
INSERT INTO public.places VALUES (356, NULL, '수산물직판장태화점', '싱싱한 모듬회와 물회 맛집', '울산 중구 오산4길 15, 1층', 35.1600000, 129.1600000, 'LOCAL', 'NONE', 'FOOD', 9, 20, '할인', '052-222-8192
', '0101000020E610000085EB51B81E25604014AE47E17A944140');
INSERT INTO public.places VALUES (365, NULL, '쿠켄하임과자점', '건강한 빵이 있는 베이커리
', '부산 북구 덕천로234번길 7', 35.1500000, 126.9300000, 'LOCAL', 'NONE', 'BAKERY', 9, 20, '할인', '051-337-9552', '0101000020E6100000EC51B81E85BB5F403333333333934140');
INSERT INTO public.places VALUES (407, NULL, '원더파크', '살아있는 우리 지구를 만나는 체험형 미디어파크 원더파크', '경기도 과천시 대공원광장로 78', 37.5100000, 127.0600000, 'BASIC', 'NONE', 'ACTIVITY', 9, 20, '할인', '1555-5441', '0101000020E6100000A4703D0AD7C35F40E17A14AE47C14240');
INSERT INTO public.places VALUES (293, 16, '유가네닭갈비 등촌점', '오늘 닭갈비가 땡긴다! NO.1 닭갈비 브랜드 유가네', '서울특별시 강서구 강서로 460, 102~105호 (등촌동,평안빌딩 (지상 1층) 훼미리마트 내)', 37.5700000, 126.8400000, 'FRANCHISE', 'NONE', 'FOOD', 9, 20, '무료 서비스', '070-4334-3824', '0101000020E6100000F6285C8FC2B55F40295C8FC2F5C84240');
INSERT INTO public.places VALUES (309, NULL, '도성', '[도성]안에 도성', '서울특별시 종로구 체부동 20
', 37.5800000, 126.9700000, 'LOCAL', 'NONE', 'FOOD', 9, 20, '할인', '02-738-8885', '0101000020E6100000AE47E17A14BE5F400AD7A3703DCA4240');
INSERT INTO public.places VALUES (139, 4, 'GS25 김포공항스카이몰점', '대한민국 국가대표 편의점 GS25', '서울특별시 강서구 하늘길 38, 6층 (방화동, 스카이파크 롯데몰)', 37.5700000, 126.8000000, 'FRANCHISE', 'NONE', 'LIFE', 0, 0, '할인', '080-855-5525', '0101000020E61000003333333333B35F40295C8FC2F5C84240');
INSERT INTO public.places VALUES (234, 12, '브레댄코 신흥역하늘채점', '건강한 하루 한끼를 책임지는 건강한 빵', '
경기 성남시 광명로 176 신흥역하늘채랜더스원APT 1단지 상가', 37.4400000, 127.1500000, 'FRANCHISE', 'NONE', 'BAKERY', 9, 20, '적립', '080-855-5532', '0101000020E61000009A99999999C95F40B81E85EB51B84240');
INSERT INTO public.places VALUES (313, NULL, '공병득쉐프', '다양한 빵들을 시식 후 구매 가능한 인심 좋은 맛집', '서울특별시 강서구 강서로 45길 10', 37.5500000, 126.8400000, 'LOCAL', 'GENERAL', 'BAKERY', 9, 20, '할인', '02-2602-6683
', '0101000020E6100000F6285C8FC2B55F406666666666C64240');
INSERT INTO public.places VALUES (345, NULL, '삼덕동베이커리', '쌀 반숙 카스텔라가 맛있는 베이커리', '대구 중구 달구벌대로 447길 58 (삼덕동3가 202-4)', 35.8500000, 128.6600000, 'LOCAL', 'NONE', 'BAKERY', 9, 20, '할인', '053-253-3379', '0101000020E610000085EB51B81E156040CDCCCCCCCCEC4140');
INSERT INTO public.places VALUES (351, NULL, '이조참숯갈비', '육즙이 가득한 숯불갈비 전문점', '울산 중구 태화강국가정원길 51, 1층', 35.5500000, 129.2800000, 'LOCAL', 'NONE', 'FOOD', 9, 20, '할인', '0507-1346-3256', '0101000020E6100000295C8FC2F52860406666666666C64140');
INSERT INTO public.places VALUES (361, NULL, '고메빵집', '해리단길 맛집 베이커리', '부산 해운대구 우동1로 66
', 35.0700000, 128.9800000, 'LOCAL', 'NONE', 'BAKERY', 9, 20, '할인', '051-901-9114
', '0101000020E61000008FC2F5285C1F6040295C8FC2F5884140');
INSERT INTO public.places VALUES (285, 13, '뚜레쥬르 방화역점', '재료부터 다른 건강한 베이커리 뚜레쥬르', '서울특별시 강서구 양천로 28, 벽산에어트리움 본관동 1층 101~103호 (방화동)', 37.5700000, 126.8100000, 'FRANCHISE', 'NONE', 'BAKERY', 9, 20, '할인', '1577-0700', '0101000020E6100000A4703D0AD7B35F40295C8FC2F5C84240');
INSERT INTO public.places VALUES (306, NULL, '블리스라운드', '달콤함에 행복을 더하다', '서울특별시 강남구 논현로85길52(역삼동, 푸르지오 시티)', 37.5000000, 127.0300000, 'LOCAL', 'NONE', 'BAKERY', 9, 20, '할인', '02-563-1144
', '0101000020E610000052B81E85EBC15F400000000000C04240');
INSERT INTO public.places VALUES (413, 25, '아쿠아플라넷 제주', '드넓은 대양을 품은 아름다운 바다의 별', '제주 서귀포시 성산읍 섭지코지로 95 아쿠아플라넷 제주', 37.3400000, 127.2900000, 'FRANCHISE', 'NONE', 'ACTIVITY', 9, 20, '할인', ' 02-789-5663', '0101000020E6100000C3F5285C8FD25F40EC51B81E85AB4240');
INSERT INTO public.places VALUES (116, 5, 'CU 강서점', 'CU 강서점 입니다.', '서울특별시 강서구 화곡로13길 28 (화곡동)', 37.5400000, 126.8300000, 'FRANCHISE', 'NONE', 'FOOD', 0, 0, '할인', '02-1111-1111', '0101000020E610000085EB51B81EB55F4085EB51B81EC54240');
INSERT INTO public.places VALUES (135, 4, 'GS25 화곡강서로점', '대한민국 국가대표 편의점 GS25', '서울특별시 강서구 강서로 179 (화곡동,K빌딩 (지상 1층))', 37.5400000, 126.8400000, 'FRANCHISE', 'NONE', 'LIFE', 0, 0, '할인', '080-855-5525', '0101000020E6100000F6285C8FC2B55F4085EB51B81EC54240');
INSERT INTO public.places VALUES (148, NULL, '캐리비안베이', '유럽 및 아메리카 문화가 혼합된 이색적이고 독특한 캐리비안베이', '경기 용인시 처인구 포곡읍 에버랜드로 199', 37.2900000, 127.2200000, 'BASIC', 'NONE', 'ACTIVITY', 9, 20, '할인', '031-320-5000', '0101000020E6100000AE47E17A14CE5F4085EB51B81EA54240');
INSERT INTO public.places VALUES (152, NULL, '롯데월드 아쿠아리움', '사람과 자연이 함께 꿈꾸는 바다, 롯데월드 아쿠아리움', '서울특별시 송파구 올림픽로 300 롯데월드몰 B1', 37.5100000, 127.1000000, 'BASIC', 'NONE', 'ACTIVITY', 9, 20, '적립', '1661-2000', '0101000020E61000006666666666C65F40E17A14AE47C14240');
INSERT INTO public.places VALUES (195, 7, '유앤아이피부과의원 부산점', '예뻐지는 시간, 유앤아이의원', '부산 부산진구 중앙대로 677 파고다 아카데미 본관 5층', 35.1500000, 129.0600000, 'FRANCHISE', 'NONE', 'BEAUTY', 9, 20, '무료 서비스', '1661-6020', '0101000020E610000052B81E85EB2160403333333333934140');
INSERT INTO public.places VALUES (239, 12, '브레댄코 응암역점', '건강한 하루 한끼를 책임지는 건강한 빵', '서울특별시 은평구 증산로 지하 477, 응암역 지하1층 1001호', 37.5900000, 126.9100000, 'FRANCHISE', 'NONE', 'BAKERY', 9, 20, '적립', '080-855-5532', '0101000020E61000000AD7A3703DBA5F40EC51B81E85CB4240');
INSERT INTO public.places VALUES (242, 12, '브레댄코 학동역', '건강한 하루 한끼를 책임지는 건강한 빵', '서울특별시 강남구 학동로180 지하2층 2003호(논현동)', 37.5100000, 127.0300000, 'FRANCHISE', 'NONE', 'BAKERY', 9, 20, '적립', '080-855-5532', '0101000020E610000052B81E85EBC15F40E17A14AE47C14240');
INSERT INTO public.places VALUES (243, 12, '브레댄코 부평점', '건강한 하루 한끼를 책임지는 건강한 빵', '인천광역시 부평구 충선로 9', 37.4900000, 126.7300000, 'FRANCHISE', 'NONE', 'BAKERY', 9, 20, '적립', '080-855-5532', '0101000020E61000001F85EB51B8AE5F401F85EB51B8BE4240');
INSERT INTO public.places VALUES (254, 12, '브레댄코 산성역자이푸르지오점', '건강한 하루 한끼를 책임지는 건강한 빵', '경기도 성남시 수정구 신흥동 736 2단지 상가 5호, 1층 브레댄코', 37.4500000, 127.1500000, 'FRANCHISE', 'NONE', 'BAKERY', 9, 20, '적립', '080-855-5532', '0101000020E61000009A99999999C95F409A99999999B94240');
INSERT INTO public.places VALUES (258, 12, '브레댄코 안산중앙점', '건강한 하루 한끼를 책임지는 건강한 빵', '
경기도 안산시 단원구 고잔로 67, 1층 브레댄코', 37.3200000, 126.8300000, 'FRANCHISE', 'NONE', 'BAKERY', 9, 20, '적립', '080-855-5532', '0101000020E610000085EB51B81EB55F40295C8FC2F5A84240');
INSERT INTO public.places VALUES (269, 12, '브레댄코 세종고려대점', '건강한 하루 한끼를 책임지는 건강한 빵', '세종특별자치시 조치원읍 세종로 2511, 호연학사 미래관 1층', 36.6100000, 127.2900000, 'FRANCHISE', 'NONE', 'BAKERY', 9, 20, '적립', '080-855-5532', '0101000020E6100000C3F5285C8FD25F40AE47E17A144E4240');
INSERT INTO public.places VALUES (274, 12, '브레댄코 남서울대학교점', '건강한 하루 한끼를 책임지는 건강한 빵', '충청남도 천안시 성환읍 성산샘길 45, 남서울대학교 학생회관 지하1층', 36.9100000, 127.1400000, 'FRANCHISE', 'NONE', 'BAKERY', 9, 20, '적립', '041-582-3850', '0101000020E6100000295C8FC2F5C85F4014AE47E17A744240');
INSERT INTO public.places VALUES (290, 15, '더플레이스 염창점', '이탈리안 비스트로', '서울특별시 강서구 양천로 731, 309동 1층 102-1호 (염창동, 동아3차아파트)', 37.5500000, 126.8700000, 'FRANCHISE', 'NONE', 'FOOD', 9, 20, '적립', '1577-0700', '0101000020E610000048E17A14AEB75F406666666666C64240');
INSERT INTO public.places VALUES (310, NULL, '카라블로썸', '꽃의 향기를 나누기 위해 하루를 시작', '서울특별시 종로구 자하문로7길 24,1층', 37.5800000, 126.9700000, 'LOCAL', 'NONE', 'SHOPPING', 9, 20, '할인', '02-354-1552', '0101000020E6100000AE47E17A14BE5F400AD7A3703DCA4240');
INSERT INTO public.places VALUES (317, NULL, '마먕갸또 신사점', '엄마의 마음으로 정성을 다하는 베이커리
', '서울특별시 강남구 신사동 524-27', 37.5200000, 127.0200000, 'LOCAL', 'NONE', 'BAKERY', 9, 20, '할인', '02-515-3937
', '0101000020E6100000E17A14AE47C15F40C3F5285C8FC24240');
INSERT INTO public.places VALUES (323, NULL, '마르메종과자점', '바로 만든 신선한 빵을 맛볼 수 있는 베이커리
', '서울특별시 마포구 중동 64-14
', 37.5700000, 126.9000000, 'LOCAL', 'NONE', 'BAKERY', 9, 20, '할인', '02-307-4836', '0101000020E61000009A99999999B95F40295C8FC2F5C84240');
INSERT INTO public.places VALUES (355, NULL, '명정대숲갈비', '자극적이지 않고 적당한 달콤한 맛의 갈비 전문점', '울산 중구 오산3길 74 1층', 35.1600000, 129.1600000, 'LOCAL', 'NONE', 'FOOD', 9, 20, '할인', '052-249-5100
', '0101000020E610000085EB51B81E25604014AE47E17A944140');
INSERT INTO public.places VALUES (366, NULL, '무스비소바', '해리단길의 감각적인 정통 메밀 전문점
', '부산시 해운대구 우동1로 19, 일부호
', 35.1700000, 126.9300000, 'LOCAL', 'NONE', 'FOOD', 9, 20, '할인', '0507-1371-5788', '0101000020E6100000EC51B81E85BB5F40F6285C8FC2954140');
INSERT INTO public.places VALUES (367, NULL, '아우르', '분위기가 좋은 한식', '광주 동구 동명로14번길 45-21', 35.1700000, 126.9300000, 'LOCAL', 'NONE', 'FOOD', 9, 20, '할인', '0507-1475-0737
', '0101000020E6100000EC51B81E85BB5F40F6285C8FC2954140');
INSERT INTO public.places VALUES (370, NULL, '프라임픽', '아기자기한 소품이 있는 카페', '광주 동구 장동로 25 B1층~3층', 37.5000000, 126.7700000, 'LOCAL', 'NONE', 'CAFE', 9, 20, '할인', '0507-1494-2391
', '0101000020E6100000E17A14AE47B15F400000000000C04240');
INSERT INTO public.places VALUES (371, NULL, '니드카페 안산점', '커피가 맛있는 아늑한 공간', '경기도 안산시 상록구 화랑로 523, 복합상가동 109호', 37.4000000, 126.9400000, 'LOCAL', 'NONE', 'CAFE', 9, 20, '할인', '070-4633-4519
', '0101000020E61000005C8FC2F528BC5F403333333333B34240');
INSERT INTO public.places VALUES (382, NULL, '카페1330', '아기자기한 소품들로 공간을 활용한 빵의 향기가 가득한 카페
', '경기 고양시 일산서구 한류월드로 300 매직몰 1층 I-210호 (스포츠클럽 맞은편)', 37.6700000, 126.7600000, 'LOCAL', 'NONE', 'CAFE', 9, 20, '할인', '031-906-2330', '0101000020E6100000713D0AD7A3B05F40F6285C8FC2D54240');
INSERT INTO public.places VALUES (386, NULL, '명장시대', '대한민국 제 11대 제과명장 박준서 오너 셰프의 베이커리
', '경기 용인시 수지구 손곡로100 훼미리프라자110호', 37.3100000, 126.9900000, 'LOCAL', 'NONE', 'BAKERY', 9, 20, '할인', '031-262-9897', '0101000020E61000008FC2F5285CBF5F4048E17A14AEA74240');
INSERT INTO public.places VALUES (397, 22, '푸드엠파이어 인천공항제1여객터미널 서편1점', '전문 셰프의 요리들을 한 자리에서 선보이는 프리미엄 푸드 홀', '인천광역시 중구 운서동 2840 인천공항 여객터미널 4층 30번 게이트 부근', 35.8600000, 128.4900000, 'FRANCHISE', 'NONE', 'FOOD', 9, 20, '할인', ' 080-234-7575', '0101000020E610000048E17A14AE0F6040AE47E17A14EE4140');
INSERT INTO public.places VALUES (402, 23, '싱카이 강서점', '40년 명장이 선보이는 정통 중식 4대 요리', '서울특별시 강서구 곰달래로 135, 1층 (화곡동, 8동)', 37.6500000, 126.9000000, 'FRANCHISE', 'NONE', 'FOOD', 9, 20, '할인', '080-234-7575', '0101000020E61000009A99999999B95F403333333333D34240');
INSERT INTO public.places VALUES (418, 24, '그라운드시소 이스트', '그라운드 시소 전시관', '서울특별시 광진구 아차산로 402 이스트폴 2F', 37.5800000, 126.9700000, 'FRANCHISE', 'NONE', 'CULTURE', 9, 20, '할인', '1522-2653 ', '0101000020E6100000AE47E17A14BE5F400AD7A3703DCA4240');
INSERT INTO public.places VALUES (121, NULL, '탐탐탐', '탐탐탐 프렌차이즈 아닙니다', '서울특별시 강서구 화곡로 176-4, 1~2일부층 (화곡동, 본동 화곡메디칼)', 37.5400000, 126.8400000, 'BASIC', 'NONE', 'CAFE', 9, 20, '할인', '02-758-8271', '0101000020E6100000F6285C8FC2B55F4085EB51B81EC54240');
INSERT INTO public.places VALUES (132, 6, 'GS THE FRESH 방화점', 'GS THE FRESH', '서울특별시 강서구 양천로 19, 1층 104호 (방화동, 1동)', 37.5800000, 126.8200000, 'FRANCHISE', 'NONE', 'SHOPPING', 9, 20, '할인', '080-855-5525', '0101000020E610000014AE47E17AB45F400AD7A3703DCA4240');
INSERT INTO public.places VALUES (156, NULL, '대구 아쿠아리움', '매일 매일 색다른 즐거움', '대구 동구 동부로 149 신세계백화점 대구점 9층', 35.8800000, 128.6300000, 'BASIC', 'NONE', 'ACTIVITY', 9, 20, '할인', '053-247-8899', '0101000020E61000005C8FC2F528146040713D0AD7A3F04140');
INSERT INTO public.places VALUES (176, 7, '유앤아이피부과의원 마곡점', '예뻐지는 시간, 유앤아이의원', '서울특별시 강서구 공항대로 168 747타워 3층', 37.5600000, 126.8300000, 'FRANCHISE', 'NONE', 'BEAUTY', 9, 20, '무료 서비스', '1661-6020', '0101000020E610000085EB51B81EB55F4048E17A14AEC74240');
INSERT INTO public.places VALUES (180, 7, '유앤아이피부과의원 수원점', '예뻐지는 시간, 유앤아이의원', '경기 수원시 팔달구 효원로265번길 54 태산W타워 3층', 37.2600000, 127.0300000, 'FRANCHISE', 'NONE', 'BEAUTY', 9, 20, '무료 서비스', '1661-6020', '0101000020E610000052B81E85EBC15F40E17A14AE47A14240');
INSERT INTO public.places VALUES (188, 7, '유앤아이피부과의원 부평점', '예뻐지는 시간, 유앤아이의원', '인천 부평구 광장로 28 SR노빌리안 5층', 37.4900000, 126.7200000, 'FRANCHISE', 'NONE', 'BEAUTY', 9, 20, '무료 서비스', '1661-6020', '0101000020E6100000AE47E17A14AE5F401F85EB51B8BE4240');
INSERT INTO public.places VALUES (214, 12, '브레댄코 강동성심병원점', '건강한 하루 한끼를 책임지는 건강한 빵', '
서울특별시 강동구 성안로 150, 1층 브레댄코', 37.5400000, 127.1400000, 'FRANCHISE', 'NONE', 'BAKERY', 9, 20, '적립', '080-855-5532', '0101000020E6100000295C8FC2F5C85F4085EB51B81EC54240');
INSERT INTO public.places VALUES (226, 12, '브레댄코 마포역점', '건강한 하루 한끼를 책임지는 건강한 빵', '서울특별시 마포구 마포대로 33, 마포역 지하 1층', 37.5400000, 126.9500000, 'FRANCHISE', 'NONE', 'BAKERY', 9, 20, '적립', '080-855-5532', '0101000020E6100000CDCCCCCCCCBC5F4085EB51B81EC54240');
INSERT INTO public.places VALUES (227, 12, '브레댄코 방배점', '건강한 하루 한끼를 책임지는 건강한 빵', '서울특별시 서초구 방배로 221, 1층', 37.4900000, 126.9900000, 'FRANCHISE', 'NONE', 'BAKERY', 9, 20, '적립', '080-855-5532', '0101000020E61000008FC2F5285CBF5F401F85EB51B8BE4240');
INSERT INTO public.places VALUES (238, 12, '브레댄코 을지로입구역점', '건강한 하루 한끼를 책임지는 건강한 빵', '서울특별시 중구 을지로1가 100-1, 을지로입구역 지하 1층 202-116호', 37.5700000, 126.9800000, 'FRANCHISE', 'NONE', 'BAKERY', 9, 20, '적립', '080-855-5532', '0101000020E61000001F85EB51B8BE5F40295C8FC2F5C84240');
INSERT INTO public.places VALUES (246, 12, '브레댄코 월미도점', '건강한 하루 한끼를 책임지는 건강한 빵', '
인천 중구 월미로226번길 10 오션테라스 7층', 37.4800000, 126.6000000, 'FRANCHISE', 'NONE', 'BAKERY', 9, 20, '적립', '080-855-5532', '0101000020E61000006666666666A65F403D0AD7A370BD4240');
INSERT INTO public.places VALUES (257, 12, '브레댄코 안산사동', '건강한 하루 한끼를 책임지는 건강한 빵', '경기도 안산시 상록구 사동1639-24 자이센타프라자 1층 110호 브레댄코', 37.2800000, 126.8300000, 'FRANCHISE', 'NONE', 'BAKERY', 9, 20, '적립', '080-855-5532', '0101000020E610000085EB51B81EB55F40A4703D0AD7A34240');
INSERT INTO public.places VALUES (265, 12, '브레댄코 동인동점', '건강한 하루 한끼를 책임지는 건강한 빵', '대구광역시 중구 국채보상로 695, 1층', 35.8700000, 128.6100000, 'FRANCHISE', 'NONE', 'BAKERY', 9, 20, '적립', '080-855-5532', '0101000020E6100000EC51B81E851360408FC2F5285CEF4140');
INSERT INTO public.places VALUES (273, 12, '브레댄코 충북영동점', '건강한 하루 한끼를 책임지는 건강한 빵', '충북 영동군 영동읍 구교로 15, 이츠마트 1층 브레댄코', 36.1800000, 127.7800000, 'FRANCHISE', 'NONE', 'BAKERY', 9, 20, '적립', '043-742-1105', '0101000020E610000052B81E85EBF15F40D7A3703D0A174240');
INSERT INTO public.places VALUES (281, 2, '파리바게뜨 발산역점', '신선한 빵과 만나는 정통 유럽풍 베이커리', '서울특별시 강서구 강서로45라길 28, 1층 (내발산동, 1동)', 37.5500000, 126.8300000, 'FRANCHISE', 'NONE', 'BAKERY', 9, 20, '적립', '080-731-2027', '0101000020E610000085EB51B81EB55F406666666666C64240');
INSERT INTO public.places VALUES (294, 16, '유가네닭갈비 방화역점', '오늘 닭갈비가 땡긴다! NO.1 닭갈비 브랜드 유가네', '서울특별시 강서구 방화대로34길 70, 지상1층 (방화동, 1동)', 37.5700000, 126.8200000, 'FRANCHISE', 'NONE', 'FOOD', 9, 20, '무료 서비스', '070-4334-3824', '0101000020E610000014AE47E17AB45F40295C8FC2F5C84240');
INSERT INTO public.places VALUES (302, 20, '롯데시네마 김포공항스카이파크점', '압도적인 영화의 몰입을 만나는 롯데시네마', '서울특별시 강서구 하늘길 38, 지하 3층 (방화동, 2동 김포공항 스카이파크)', 37.5600000, 126.8000000, 'FRANCHISE', 'NONE', 'CULTURE', 9, 20, '상품 증정', '1544-8855', '0101000020E61000003333333333B35F4048E17A14AEC74240');
INSERT INTO public.places VALUES (318, NULL, '호밀호두', '호두과자의 명가
', '서울특별시 성북구 미아동 125-28 제이슨빌딩 1층', 37.6300000, 127.0300000, 'LOCAL', 'NONE', 'BAKERY', 9, 20, '할인', '02-985-5152
', '0101000020E610000052B81E85EBC15F40713D0AD7A3D04240');
INSERT INTO public.places VALUES (334, NULL, '팡딜리 카페보니또', '다양한 전통차와 편안함을 주는 카페
', '서울특별시 동작구 장승배기로33, 1층', 37.5000000, 126.9400000, 'LOCAL', 'NONE', 'CAFE', 9, 20, '할인', '02-6465-8504', '0101000020E61000005C8FC2F528BC5F400000000000C04240');
INSERT INTO public.places VALUES (342, NULL, '빵뜨락제과점', '정성들여 만들어 맛있는 숨겨진 제과 명물 베이커리
', '인천 계양구 황어로115번길 12', 35.8400000, 128.5300000, 'LOCAL', 'NONE', 'BAKERY', 9, 20, '할인', '032-513-0150', '0101000020E6100000295C8FC2F5106040EC51B81E85EB4140');
INSERT INTO public.places VALUES (354, NULL, '강변수구레국밥', '콜라겐이 듬뿍 들어간 수구레 국밥 전문점', '울산 중구 태화강국가정원길 135 1층', 35.5500000, 129.2900000, 'LOCAL', 'NONE', 'FOOD', 9, 20, '할인', '052-223-2100
', '0101000020E6100000E17A14AE472960406666666666C64140');
INSERT INTO public.places VALUES (374, NULL, '브레드퀸', '미사 유기농 베이커리&카페', '경기도 하남시 망월동 1010-5', 37.3400000, 127.2900000, 'LOCAL', 'NONE', 'CAFE', 9, 20, '할인', '031-796-3669', '0101000020E6100000C3F5285C8FD25F40EC51B81E85AB4240');
INSERT INTO public.places VALUES (385, NULL, '파파블랑쉐', '아빠가 만든 건강한 빵 베이커리
', '경기 고양시 일산동구 위시티 53-14, 1층', 37.2000000, 127.1100000, 'LOCAL', 'NONE', 'BAKERY', 9, 20, '할인', '031-969-4332', '0101000020E6100000D7A3703D0AC75F409A99999999994240');
INSERT INTO public.places VALUES (393, NULL, '혜정닭갈비', '춘천 닭갈비 골목 맛집 불맛이 진리다', '강원 춘천시 금강로62번길 11-1', 37.5600000, 126.8400000, 'LOCAL', 'NONE', 'FOOD', 9, 20, '할인', '033-256-5910', '0101000020E6100000F6285C8FC2B55F4048E17A14AEC74240');
INSERT INTO public.places VALUES (401, 22, '푸드엠파이어 강서점', '전문 셰프의 요리들을 한 자리에서 선보이는 프리미엄 푸드 홀', '서울특별시 강서구 화곡로 347, 1층 117호 (화곡동, 그랜드아이파크)', 37.5500000, 127.2200000, 'FRANCHISE', 'NONE', 'FOOD', 9, 20, '할인', ' 080-234-7575', '0101000020E6100000AE47E17A14CE5F406666666666C64240');
INSERT INTO public.places VALUES (409, NULL, '코엑스아쿠아리움', 'The World Class [Shark Kingdom]', '서울 강남구 영동대로 513', 37.2900000, 127.0600000, 'BASIC', 'NONE', 'ACTIVITY', 9, 20, '할인', '02-700-7200', '0101000020E6100000A4703D0AD7C35F4085EB51B81EA54240');
INSERT INTO public.places VALUES (128, 2, '파리바게뜨 성서점', '파리바게뜨 성서점입니다', '서울특별시 강서구 방화동로 지하 30, 공항시장역(9호선) 지하 1층 (공항동)', 37.5600000, 126.8100000, 'FRANCHISE', 'NONE', 'BAKERY', 9, 20, '할인', '02-2665-7719', '0101000020E6100000A4703D0AD7B35F4048E17A14AEC74240');
INSERT INTO public.places VALUES (136, 4, 'GS25 방화그랑프리텔점', '대한민국 국가대표 편의점 GS25', '서울특별시 강서구 방화대로 319, 1층 7호 (방화동, 길성그랑프리텔 상가 ,1동)', 37.5700000, 126.8200000, 'FRANCHISE', 'NONE', 'LIFE', 0, 0, '할인', '080-855-5525', '0101000020E610000014AE47E17AB45F40295C8FC2F5C84240');
INSERT INTO public.places VALUES (164, 7, '유앤아이피부과의원 선릉점', '예뻐지는 시간, 유앤아이의원', '서울특별시 강남구 테헤란로 421 암천빌딩 2층', 37.5100000, 127.0500000, 'FRANCHISE', 'NONE', 'BEAUTY', 9, 20, '무료 서비스', '1661-6020', '0101000020E61000003333333333C35F40E17A14AE47C14240');
INSERT INTO public.places VALUES (184, 7, '유앤아이피부과의원 동탄점', '예뻐지는 시간, 유앤아이의원', '경기 화성시 동탄대로5길 15 더샵 동탄센텀폴리스 1단지 그랑파사쥬 2층', 37.1700000, 127.1100000, 'FRANCHISE', 'NONE', 'BEAUTY', 9, 20, '무료 서비스', '1661-6020', '0101000020E6100000D7A3703D0AC75F40F6285C8FC2954240');
INSERT INTO public.places VALUES (194, 7, '유앤아이피부과의원 평택점', '예뻐지는 시간, 유앤아이의원', '경기 평택시 평남로 862 2층 유앤아이의원', 37.0000000, 127.1100000, 'FRANCHISE', 'NONE', 'BEAUTY', 9, 20, '무료 서비스', '1661-6020', '0101000020E6100000D7A3703D0AC75F400000000000804240');
INSERT INTO public.places VALUES (198, 7, '유앤아이피부과의원 대구점', '예뻐지는 시간, 유앤아이의원', '대구 중구 중앙대로 398 현대빌딩 3층', 35.8700000, 128.5900000, 'FRANCHISE', 'NONE', 'BEAUTY', 9, 20, '무료 서비스', '1661-6020', '0101000020E61000007B14AE47E11260408FC2F5285CEF4140');
INSERT INTO public.places VALUES (206, 9, '도미노피자 화곡중앙점', '도미노 피자 고객에게 사랑 받는 NO. 1 Pizza Company', '서울특별시 강서구 강서로 46 (화곡동,1층)', 37.5300000, 126.8500000, 'FRANCHISE', 'NONE', 'FOOD', 9, 20, '할인', '1577-3082', '0101000020E61000006666666666B65F40A4703D0AD7C34240');
INSERT INTO public.places VALUES (218, 12, '브레댄코 경희의료원점', '건강한 하루 한끼를 책임지는 건강한 빵', '서울특별시 동대문구 경희대로 23, 경희의료원 중정 2층', 37.5900000, 127.0500000, 'FRANCHISE', 'NONE', 'BAKERY', 9, 20, '적립', '080-855-5532', '0101000020E61000003333333333C35F40EC51B81E85CB4240');
INSERT INTO public.places VALUES (222, 12, '브레댄코 김포공항역점', '건강한 하루 한끼를 책임지는 건강한 빵', '
서울특별시 강서구 하늘길 38, 김포공항역 지하 2층 201호', 37.5700000, 126.8000000, 'FRANCHISE', 'NONE', 'BAKERY', 9, 20, '적립', '080-855-5532', '0101000020E61000003333333333B35F40295C8FC2F5C84240');
INSERT INTO public.places VALUES (301, 1, 'CGV 김포공항스카이파크점', 'CULTUREPLEX', '서울특별시 강서구 하늘길 38, 지하 2층 (방화동, 2동 김포공항스카이파크)', 37.5600000, 126.8000000, 'FRANCHISE', 'NONE', 'CULTURE', 9, 20, '상품 증정', '1544-1122', '0101000020E61000003333333333B35F4048E17A14AEC74240');
INSERT INTO public.places VALUES (322, NULL, '브레드리', '신당동 유기농 밀가루 천연 발효빵 베이커리
', '서울특별시 중구 다산로42나길 57', 37.5600000, 127.0200000, 'LOCAL', 'NONE', 'BAKERY', 9, 20, '할인', '02-3298-6759', '0101000020E6100000E17A14AE47C15F4048E17A14AEC74240');
INSERT INTO public.places VALUES (326, NULL, '이든케이크', '예쁘고 맛있는 플라워떡케이크 전문점
', '서울특별시 마포구 도화4길 19 (도화동 195-3 지원빌딩 1층)
', 37.5400000, 126.9500000, 'LOCAL', 'NONE', 'FOOD', 9, 20, '할인', '02-719-8292
', '0101000020E6100000CDCCCCCCCCBC5F4085EB51B81EC54240');
INSERT INTO public.places VALUES (338, NULL, '다락', '다양한 전통차와 편안함을 주는 카페
', '인천 중구 신포로 23번길 104', 37.4600000, 126.7200000, 'LOCAL', 'NONE', 'CAFE', 9, 20, '할인', '032-766-9557', '0101000020E6100000AE47E17A14AE5F407B14AE47E1BA4240');
INSERT INTO public.places VALUES (346, NULL, '까레몽', '커스터드 크리미 맛있는 베이커리', '대구 서구 서대구로77, 105동 103호
', 35.5700000, 129.1100000, 'LOCAL', 'NONE', 'BAKERY', 9, 20, '할인', '053-565-0107', '0101000020E6100000EC51B81E85236040295C8FC2F5C84140');
INSERT INTO public.places VALUES (350, NULL, '팔도낙지촌', '싱싱한 낙지가 있는 낙지 요리 전문점', '울산 중구 태화동 770-12
', 35.5600000, 129.2800000, 'LOCAL', 'NONE', 'FOOD', 9, 20, '할인', '052-249-5233
', '0101000020E6100000295C8FC2F528604048E17A14AEC74140');
INSERT INTO public.places VALUES (372, NULL, '라젯트 성인전문 음악학원', '음악과 관련된 다양한 용품을 접할 수 있는 곳', '경기도 부천시 길주로 273 2층', 37.5700000, 127.1800000, 'LOCAL', 'NONE', 'CULTURE', 9, 20, '할인', '0507-1352-0121
', '0101000020E6100000EC51B81E85CB5F40295C8FC2F5C84240');
INSERT INTO public.places VALUES (140, 4, 'GS25 등촌217점', '대한민국 국가대표 편의점 GS25', '서울특별시 강서구 등촌로 217, 1층 (등촌동, 2동)', 37.5500000, 126.8600000, 'FRANCHISE', 'GENERAL', 'LIFE', 0, 0, '할인', '080-855-5525', '0101000020E6100000D7A3703D0AB75F406666666666C64240');
INSERT INTO public.places VALUES (210, 11, '피자헛 방화점', '피자 브랜드를 넘어 일상의 가치와 즐거움을 공유하다.', '서울특별시 강서구 등촌로51길 11, 1층 (등촌동, 2동)', 37.5500000, 126.8600000, 'FRANCHISE', 'GENERAL', 'FOOD', 9, 20, '할인', '1588-5588', '0101000020E6100000D7A3703D0AB75F406666666666C64240');
INSERT INTO public.places VALUES (120, 3, '맥도날드 등촌점', '맥도날드 등촌점', '서울특별시 강서구 까치산로 23, 1층 (화곡동, 본동)', 37.5400000, 126.8400000, 'FRANCHISE', 'NONE', 'FOOD', 9, 20, '할인', '02-2600-5000', '0101000020E6100000F6285C8FC2B55F4085EB51B81EC54240');
INSERT INTO public.places VALUES (122, 4, 'GS25 화곡점', 'GS25 화곡점입니다', '서울특별시 강서구 수명로 68-35, 웨스트엔드중정 3층 304호 (내발산동)', 37.5500000, 126.8300000, 'FRANCHISE', 'NONE', 'FOOD', 0, 0, '적립', '02-2667-3007', '0101000020E610000085EB51B81EB55F406666666666C64240');
INSERT INTO public.places VALUES (124, NULL, '커피에이엠', '커피더캠프 프렌차이즈 아닙니다', '서울특별시 강서구 초원로 50, 지하1층 (방화동)', 37.5700000, 126.8100000, 'BASIC', 'NONE', 'CAFE', 9, 20, '상품 증정', '02-711-5211', '0101000020E6100000A4703D0AD7B35F40295C8FC2F5C84240');
INSERT INTO public.places VALUES (127, 2, '파리바게뜨 강서점', '파리바게뜨 강서점입니다', '서울특별시 강서구 남부순환로 190 (외발산동,외 2필지 (지하 2층))', 37.5500000, 126.8200000, 'FRANCHISE', 'NONE', 'BAKERY', 9, 20, '할인', '02-1111-1111', '0101000020E610000014AE47E17AB45F406666666666C64240');
INSERT INTO public.places VALUES (133, 4, 'GS25 강서희망점', '대한민국 국가대표 편의점 GS25', '서울특별시 강서구 남부순환로 222, 사무동 (외발산동,서울자동차학원 (지상 1층))', 37.5500000, 126.8200000, 'FRANCHISE', 'NONE', 'LIFE', 0, 0, '할인', '080-855-5525', '0101000020E610000014AE47E17AB45F406666666666C64240');
INSERT INTO public.places VALUES (126, 3, '맥도날드 강북점', '맥도날드 강북점입니다', '서울특별시 강서구 등촌로 181, 1층 (등촌동, 2동 실로암안과병원)', 37.5500000, 126.8600000, 'FRANCHISE', 'GENERAL', 'BAKERY', 9, 20, '할인', '02-2650-0700', '0101000020E6100000D7A3703D0AB75F406666666666C64240');
INSERT INTO public.places VALUES (203, 8, '파리크라상 등촌중앙점', '정통 프렌치 스타일의 프리미엄 베이커리', '서울특별시 강서구 강서로56가길 53, 1층 (등촌동, 3동)', 37.5600000, 126.8400000, 'FRANCHISE', 'NONE', 'BAKERY', 9, 20, '할인', '031-740-5500', '0101000020E6100000F6285C8FC2B55F4048E17A14AEC74240');
INSERT INTO public.places VALUES (288, 14, 'VIPS 발산점', 'Premium Steak & Seasonal Salad Bar', '서울특별시 강서구 공항대로42길 61 (내발산동,내발산동주택 (지상 1층))', 37.5600000, 126.8400000, 'FRANCHISE', 'NONE', 'FOOD', 9, 20, '할인', '1577-0700', '0101000020E6100000F6285C8FC2B55F4048E17A14AEC74240');
INSERT INTO public.places VALUES (125, NULL, '커피에이엠', '커피에이엠 프렌차이즈 아닙니다', '서울특별시 강서구 화곡로 296, 1층 110호 (화곡동, 6동)', 37.5500000, 126.8500000, 'BASIC', 'GENERAL', 'CAFE', 9, 20, '상품 증정', '02-2605-7708', '0101000020E61000006666666666B65F406666666666C64240');
INSERT INTO public.places VALUES (399, 22, '푸드엠파이어 계명대학교동산병원점', '전문 셰프의 요리들을 한 자리에서 선보이는 프리미엄 푸드 홀', '대구광역시 달서구 신당동 1000-2', 35.8500000, 128.4700000, 'FRANCHISE', 'NONE', 'FOOD', 9, 20, '할인', ' 080-234-7575', '0101000020E61000006666666666B65F406666666666C64240');
INSERT INTO public.places VALUES (147, NULL, '클럽디 오아시스', '부산 해운대 랜드마크! 프리미엄 워터클럽&스파
클럽디 오아시스 입니다.', '부산 해운대구 달맞이길 30 엘시티', 35.1600000, 129.1700000, 'BASIC', 'NONE', 'ACTIVITY', 9, 20, '적립', '080-855-5523', '0101000020E61000003D0AD7A37025604014AE47E17A944140');
INSERT INTO public.places VALUES (153, NULL, '제주민속촌', '제주에서 가장 제주다운 곳 (입장권 할인)', '제주 서귀포시 표선면 민속해안로 631-34', 33.3200000, 126.8400000, 'BASIC', 'NONE', 'ACTIVITY', 9, 20, '무료 서비스', '064-787-4501
064-787-4502', '0101000020E6100000F6285C8FC2B55F40295C8FC2F5A84040');
INSERT INTO public.places VALUES (158, NULL, '롯데월드 어드벤처 부산', '신비한 숲의 나라 어드벤처 부산 (동반 3인 10%)', '부산 기장군 기장읍 동부산관광로 42', 35.1900000, 129.2100000, 'BASIC', 'NONE', 'ACTIVITY', 9, 20, '할인', '1600-2000', '0101000020E61000001F85EB51B8266040B81E85EB51984140');
INSERT INTO public.places VALUES (159, NULL, '한강유람선 이크루즈', '도심 속 로맨틱한 휴식, 한강유람선 (동반 1인 포함)', '서울특별시 영등포구 여의동로 280 이랜드크루즈 매표소', 37.5200000, 126.9400000, 'BASIC', 'NONE', 'ACTIVITY', 9, 20, '무료 서비스', '02-6291-6900', '0101000020E61000005C8FC2F528BC5F40C3F5285C8FC24240');
INSERT INTO public.places VALUES (190, 7, '유앤아이피부과의원 산본점', '예뻐지는 시간, 유앤아이의원', '경기 군포시 산본천로 62 인베스텔 3층', 37.3600000, 126.9300000, 'FRANCHISE', 'NONE', 'BEAUTY', 9, 20, '무료 서비스', '1661-6020', '0101000020E6100000EC51B81E85BB5F40AE47E17A14AE4240');
INSERT INTO public.places VALUES (219, 12, '브레댄코 고속터미널점', '건강한 하루 한끼를 책임지는 건강한 빵', '서울특별시 서초구 신반포로 188 지하철 역사 내 환승통로', 37.5000000, 127.0000000, 'FRANCHISE', 'NONE', 'BAKERY', 9, 20, '적립', '080-855-5532', '0101000020E61000000000000000C05F400000000000C04240');
INSERT INTO public.places VALUES (230, 12, '브레댄코 석계역점', '건강한 하루 한끼를 책임지는 건강한 빵', '서울특별시 노원구 화랑로 347-1, 석계역 지하2층 2002호', 37.6200000, 127.0700000, 'FRANCHISE', 'NONE', 'BAKERY', 9, 20, '적립', '080-855-5532', '0101000020E610000014AE47E17AC45F408FC2F5285CCF4240');
INSERT INTO public.places VALUES (248, 12, '브레댄코 광명센트럴자이점', '건강한 하루 한끼를 책임지는 건강한 빵', '
경기도 광명시 광명력로 28, 근린생활시설동 1층 101,102,103호 (일직동,광명역센트럴자이)', 37.4200000, 126.8900000, 'FRANCHISE', 'NONE', 'BAKERY', 9, 20, '적립', '080-855-5532', '0101000020E6100000295C8FC2F5B85F40F6285C8FC2B54240');
INSERT INTO public.places VALUES (250, 12, '브레댄코 군포당동점', '건강한 하루 한끼를 책임지는 건강한 빵', '
경기도 군포시 당동 742-18번지 , 1층', 37.3600000, 126.9500000, 'FRANCHISE', 'NONE', 'BAKERY', 9, 20, '적립', '080-855-5532', '0101000020E6100000CDCCCCCCCCBC5F40AE47E17A14AE4240');
INSERT INTO public.places VALUES (261, 12, '브레댄코 판교대장점', '건강한 하루 한끼를 책임지는 건강한 빵', '
경기 성남시 분당구 판교대장로7길 5 1층', 37.3700000, 127.0700000, 'FRANCHISE', 'NONE', 'BAKERY', 9, 20, '적립', '080-855-5532', '0101000020E610000014AE47E17AC45F408FC2F5285CAF4240');
INSERT INTO public.places VALUES (282, 2, '파리바게뜨 마곡점', '신선한 빵과 만나는 정통 유럽풍 베이커리', '서울특별시 강서구 공항대로61길 42 (염창동,(지상1층))', 37.5500000, 126.8700000, 'FRANCHISE', 'NONE', 'BAKERY', 9, 20, '적립', '080-731-2027', '0101000020E610000048E17A14AEB75F406666666666C64240');
INSERT INTO public.places VALUES (312, NULL, '망원동티라미수 본점', '맛있는 티라미수를 즐길 수 있는 가장 쉬운 방법, 망원동 티라미수', '서울특별시 마포구 포은로 14 수성빌딩 1층', 37.5500000, 126.9100000, 'LOCAL', 'NONE', 'BAKERY', 9, 20, '할인', '02-324-7877
', '0101000020E61000000AD7A3703DBA5F406666666666C64240');
INSERT INTO public.places VALUES (315, NULL, '늘봄카페', '크래미샌드위치가 맛있는 편안한 베이커리
', '서울특별시 강동구 성내로 10길 9-14', 37.5300000, 127.1300000, 'LOCAL', 'NONE', 'BAKERY', 9, 20, '할인', '02-6494-0824', '0101000020E6100000B81E85EB51C85F40A4703D0AD7C34240');
INSERT INTO public.places VALUES (316, NULL, '하얀풍차', '동네빵네 협동 조합 빵집', '서울특별시 은평구 갈현동 425-1
', 37.6200000, 126.9200000, 'LOCAL', 'NONE', 'BAKERY', 9, 20, '할인', '02-386-7803
', '0101000020E61000007B14AE47E1BA5F408FC2F5285CCF4240');
INSERT INTO public.places VALUES (328, NULL, '나폴레옹제과', '서울 3대 빵집 베이커리
', '서울특별시 송파구 백제고분로 67 위너스오피스텔2 1층', 37.5100000, 127.0800000, 'LOCAL', 'NONE', 'BAKERY', 9, 20, '할인', '02-415-1144', '0101000020E610000085EB51B81EC55F40E17A14AE47C14240');
INSERT INTO public.places VALUES (330, NULL, '리치몬드과자점 성산본점', '2대를 이은 장인정신이 깃든 전통 베이커리
', '서울특별시 마포구 월드컵북로 86 (성산동1층)', 37.5600000, 126.9100000, 'LOCAL', 'NONE', 'BAKERY', 9, 20, '할인', '02-3142-7494', '0101000020E61000000AD7A3703DBA5F4048E17A14AEC74240');
INSERT INTO public.places VALUES (331, NULL, '정성베이커리', '빵지순례에 빠지지 않는 정성 가득한 베이커리
', '서울특별시 종로구 창경궁로 241(명륜2가)', 37.5800000, 127.0000000, 'LOCAL', 'NONE', 'BAKERY', 9, 20, '할인', '02-766-0691', '0101000020E61000000000000000C05F400AD7A3703DCA4240');
INSERT INTO public.places VALUES (369, NULL, '해담촌', '소고기 구이 전문점', '광주 북구 참판로 91', 37.3200000, 126.8500000, 'LOCAL', 'NONE', 'FOOD', 9, 20, '할인', '062-268-6692
', '0101000020E61000006666666666B65F40295C8FC2F5A84240');
INSERT INTO public.places VALUES (283, 2, '파리바게뜨 등촌점', '신선한 빵과 만나는 정통 유럽풍 베이커리', '서울특별시 강서구 공항대로41길 51, 1층 129호 (등촌동, 3동 세신그린코아)', 37.5600000, 126.8500000, 'FRANCHISE', 'GENERAL', 'BAKERY', 9, 20, '적립', '080-731-2027', '0101000020E61000006666666666B65F4048E17A14AEC74240');
INSERT INTO public.places VALUES (405, NULL, '아쿠아필드', '찜질스파와 물놀이가 결합된 도심 속 힐링 체험공간', '아쿠아필드 안성점 (경기도 안성시 공도읍 서동대로 3930-39 스타필드 안성 3층)', 37.4400000, 127.0100000, 'BASIC', 'NONE', 'ACTIVITY', 9, 20, '할인', '080-234-7552', '0101000020E6100000713D0AD7A3C05F40B81E85EB51B84240');
INSERT INTO public.places VALUES (284, 13, '뚜레쥬르 화곡서광점', '재료부터 다른 건강한 베이커리 뚜레쥬르', '서울특별시 강서구 화곡로 292, 1층 104호 (화곡동, 6동 서광프리메라)', 37.5500000, 126.8500000, 'FRANCHISE', 'GENERAL', 'BAKERY', 9, 20, '할인', '1577-0700', '0101000020E61000006666666666B65F406666666666C64240');
INSERT INTO public.places VALUES (187, 7, '유앤아이피부과의원 시흥배곧점', '예뻐지는 시간, 유앤아이의원', '경기 시흥시 배곧3로 96 2층 210호, 211호', 37.3700000, 126.7300000, 'FRANCHISE', 'NONE', 'BEAUTY', 9, 20, '무료 서비스', '1661-6020', '0101000020E61000001F85EB51B8AE5F408FC2F5285CAF4240');
INSERT INTO public.places VALUES (199, 7, '유앤아이피부과의원 창원점', '예뻐지는 시간, 유앤아이의원', '경남 창원시 성산구 중앙대로 110 센텀빌딩 3층', 35.2200000, 128.6800000, 'FRANCHISE', 'NONE', 'BEAUTY', 9, 20, '무료 서비스', '1661-6020', '0101000020E6100000F6285C8FC21560405C8FC2F5289C4140');
INSERT INTO public.places VALUES (223, 12, '브레댄코 청구역점', '건강한 하루 한끼를 책임지는 건강한 빵', '서울특별시 중구 청구로 77, 청구역 지하3층 3002호', 37.5600000, 127.0100000, 'FRANCHISE', 'NONE', 'BAKERY', 9, 20, '적립', '080-855-5532', '0101000020E6100000713D0AD7A3C05F4048E17A14AEC74240');
INSERT INTO public.places VALUES (225, 12, '브레댄코 동대입구역', '건강한 하루 한끼를 책임지는 건강한 빵', '서울특별시 중구 동호로 256, 동대입구역 지하 1층', 37.5600000, 127.0100000, 'FRANCHISE', 'NONE', 'BAKERY', 9, 20, '적립', '080-855-5532', '0101000020E6100000713D0AD7A3C05F4048E17A14AEC74240');
INSERT INTO public.places VALUES (229, 12, '브레댄코 상왕십리점', '건강한 하루 한끼를 책임지는 건강한 빵', '
서울특별시 성동구 왕십리로 410 L동 지1층 비113-1호,비113-2호', 37.5700000, 127.0300000, 'FRANCHISE', 'NONE', 'BAKERY', 9, 20, '적립', '080-855-5532', '0101000020E610000052B81E85EBC15F40295C8FC2F5C84240');
INSERT INTO public.places VALUES (231, 12, '브레댄코 선릉역점', '건강한 하루 한끼를 책임지는 건강한 빵', '
서울특별시 강남구 테헤란로 340, 분당선 선릉역 지하 1층', 37.5100000, 127.0600000, 'FRANCHISE', 'NONE', 'BAKERY', 9, 20, '적립', '080-855-5532', '0101000020E6100000A4703D0AD7C35F40E17A14AE47C14240');
INSERT INTO public.places VALUES (251, 12, '브레댄코 금광점', '건강한 하루 한끼를 책임지는 건강한 빵', '
경기도 성남시 중원구 금광로 40, 3단지 상가동 B201호 (금광동, e편한세상금빛그랑메종)', 37.4400000, 127.1600000, 'FRANCHISE', 'NONE', 'BAKERY', 9, 20, '적립', '080-855-5532', '0101000020E61000000AD7A3703DCA5F40B81E85EB51B84240');
INSERT INTO public.places VALUES (255, 12, '브레댄코 수원역점', '건강한 하루 한끼를 책임지는 건강한 빵', '경기도 수원시 팔달구 덕영대로 924 수원역 이동통로 지하1층(개찰구안)', 37.2700000, 127.0000000, 'FRANCHISE', 'NONE', 'BAKERY', 9, 20, '적립', '080-855-5532', '0101000020E61000000000000000C05F40C3F5285C8FA24240');
INSERT INTO public.places VALUES (262, 12, '브레댄코 평택해군기지점', '건강한 하루 한끼를 책임지는 건강한 빵', '경기 평택시 포승읍 2함대길 20 평택쇼핑타운 1층', 37.0000000, 126.8300000, 'FRANCHISE', 'NONE', 'BAKERY', 9, 20, '적립', '080-855-5532', '0101000020E610000085EB51B81EB55F400000000000804240');
INSERT INTO public.places VALUES (272, 12, '브레댄코 춘천한림대학교점', '건강한 하루 한끼를 책임지는 건강한 빵', '
강원도 춘천시 한림대학길1, CAMPUS LIFE CENTER 2층 9205-2호', 37.8900000, 127.7400000, 'FRANCHISE', 'NONE', 'BAKERY', 9, 20, '적립', '033-255-6419', '0101000020E61000008FC2F5285CEF5F4052B81E85EBF14240');
INSERT INTO public.places VALUES (280, 12, '브레댄코 제주공항점', '건강한 하루 한끼를 책임지는 건강한 빵', '
제주 제주시 공항로 2 제주국제공항 3층 국제선', 33.5100000, 126.4900000, 'FRANCHISE', 'NONE', 'BAKERY', 9, 20, '적립', '064-744-0067', '0101000020E61000008FC2F5285C9F5F40E17A14AE47C14040');
INSERT INTO public.places VALUES (286, 13, '뚜레쥬르 염창점', '재료부터 다른 건강한 베이커리 뚜레쥬르', '서울특별시 강서구 공항대로59다길 85 (염창동,(지상1층))', 37.5500000, 126.8700000, 'FRANCHISE', 'NONE', 'BAKERY', 9, 20, '할인', '1577-0700', '0101000020E610000048E17A14AEB75F406666666666C64240');
INSERT INTO public.places VALUES (289, 14, 'VIPS 등촌점', 'Premium Steak & Seasonal Salad Bar', '서울특별시 강서구 공항대로 437, 1층 (등촌동, 1동)', 37.5600000, 126.8600000, 'FRANCHISE', 'NONE', 'FOOD', 9, 20, '할인', '1577-0700', '0101000020E6100000D7A3703D0AB75F4048E17A14AEC74240');
INSERT INTO public.places VALUES (295, 16, '유가네닭갈비 염창점', '오늘 닭갈비가 땡긴다! NO.1 닭갈비 브랜드 유가네', '서울특별시 강서구 양천로71길 14, 가동 1층 (염창동)', 37.5500000, 126.8700000, 'FRANCHISE', 'NONE', 'FOOD', 9, 20, '무료 서비스', '070-4334-3824', '0101000020E610000048E17A14AEB75F406666666666C64240');
INSERT INTO public.places VALUES (319, NULL, '크롬베이커리', '홈메이드 스콘 맛집 베이커리
', '서울특별시 영등포구 당산로 44길 3, 삼성타운 101호
', 37.5300000, 126.9000000, 'LOCAL', 'NONE', 'BAKERY', 9, 20, '할인', '010-8954-1084', '0101000020E61000009A99999999B95F40A4703D0AD7C34240');
INSERT INTO public.places VALUES (335, NULL, '경리단578', '블랙톤의 내부가 깔끔한 숙성고기 전문점
', '서울특별시 용산구 녹사평대로 226', 37.5400000, 126.9900000, 'LOCAL', 'NONE', 'FOOD', 9, 20, '할인', '0507-1314-6577', '0101000020E61000008FC2F5285CBF5F4085EB51B81EC54240');
INSERT INTO public.places VALUES (343, NULL, '퐁듀베이커리(본점)', '대한민국 제과기능장 베이커리
', '인천 남동구 경인로644번길 119', 35.8600000, 128.6100000, 'LOCAL', 'NONE', 'BAKERY', 9, 20, '할인', '032-434-4644', '0101000020E6100000EC51B81E85136040AE47E17A14EE4140');
INSERT INTO public.places VALUES (360, NULL, '우섭스토리', '우리밀로 만들어 맛있는 베이커리', '부산 연제구 고분로 200, 119동 120호(연산동,연산LG종합상가)', 35.1100000, 128.9600000, 'LOCAL', 'NONE', 'BAKERY', 9, 20, '할인', '051-754-0082', '0101000020E61000001F85EB51B81E6040AE47E17A148E4140');
INSERT INTO public.places VALUES (364, NULL, '아비앙또 장림점', '대한민국 제과기능장 베이커리', '부산 사하구 장림동 228-1', 35.1600000, 129.1600000, 'LOCAL', 'NONE', 'BAKERY', 9, 20, '할인', '010-3889-3710
', '0101000020E610000085EB51B81E25604014AE47E17A944140');
INSERT INTO public.places VALUES (375, NULL, '힐링식당', '화담숲 산책 간식을 즐길 수 있는 푸드코트
', '경기 광주시 도척면 도척윗로 278-1', 37.3400000, 127.3000000, 'LOCAL', 'NONE', 'FOOD', 9, 20, '할인', '031-8026-5550', '0101000020E61000003333333333D35F40EC51B81E85AB4240');
INSERT INTO public.places VALUES (381, NULL, '궁뜰 맛있는 발표 밥상', '자연과 함께 만드는 발효 밥상 전문점', '경기도 광주시 도척면 궁평하천길 38', 37.7500000, 127.0400000, 'LOCAL', 'NONE', 'FOOD', 9, 20, '할인', '0507-1334-0990
', '0101000020E6100000C3F5285C8FC25F400000000000E04240');
INSERT INTO public.places VALUES (392, NULL, '블란서 홍차', '편안한 휴식을 주는 카페', '강원 춘천시 동면 만천양지길 41', 37.8800000, 127.7300000, 'LOCAL', 'NONE', 'CAFE', 9, 20, '할인', '033-256-2637', '0101000020E61000001F85EB51B8EE5F40713D0AD7A3F04240');
INSERT INTO public.places VALUES (394, NULL, '처방전', '일상속의 휴식을 주는 카페', '강원 춘천시 중앙로77번길 23-4', 37.2700000, 127.1500000, 'LOCAL', 'NONE', 'CAFE', 9, 20, '할인', '033-251-8179
', '0101000020E61000009A99999999C95F40C3F5285C8FA24240');
INSERT INTO public.places VALUES (395, 22, '푸드엠파이어 이대서울병원점', '전문 셰프의 요리들을 한 자리에서 선보이는 프리미엄 푸드 홀', '서울특별시 강서구 마곡동 808', 37.4700000, 126.4300000, 'FRANCHISE', 'NONE', 'FOOD', 9, 20, '할인', ' 080-234-7575', '0101000020E6100000EC51B81E859B5F405C8FC2F528BC4240');
INSERT INTO public.places VALUES (396, 22, '푸드엠파이어 용인세브란스병원점', '전문 셰프의 요리들을 한 자리에서 선보이는 프리미엄 푸드 홀', '경기도 용인시 기흥구 중동 1151 용인세브란스병원 지하 1층 푸드엠파이어', 37.4700000, 126.4300000, 'FRANCHISE', 'NONE', 'FOOD', 9, 20, '할인', ' 080-234-7575', '0101000020E6100000EC51B81E859B5F405C8FC2F528BC4240');
INSERT INTO public.places VALUES (398, 22, '푸드엠파이어 인천공항제1여객터미널 서편2점', '전문 셰프의 요리들을 한 자리에서 선보이는 프리미엄 푸드 홀', '인천광역시 중구 운서동 2840 인천공항 여객터미널 4층 30번 게이트 부근', 35.2400000, 128.7000000, 'FRANCHISE', 'NONE', 'FOOD', 9, 20, '할인', ' 080-234-7575', '0101000020E610000066666666661660401F85EB51B89E4140');
INSERT INTO public.places VALUES (145, 4, 'GS25 곰달래224점', '대한민국 국가대표 편의점 GS25', '서울특별시 강서구 곰달래로 224, 1층 (화곡동, 2동)', 37.5300000, 126.8600000, 'FRANCHISE', 'NONE', 'LIFE', 0, 0, '할인', '080-855-5525', '0101000020E6100000D7A3703D0AB75F40A4703D0AD7C34240');
INSERT INTO public.places VALUES (155, NULL, 'SEOUL SKY', '하늘 위 새로운 세상 (동반 3인 10%)', '서울특별시 송파구 올림픽로 300 117~123층', 37.5100000, 127.1000000, 'BASIC', 'NONE', 'ACTIVITY', 9, 20, '무료 서비스', '1661-2000', '0101000020E61000006666666666C65F40E17A14AE47C14240');
INSERT INTO public.places VALUES (161, NULL, '데이원클리닉', '고객 맞춤, 데이원의원', '서울특별시 서초구 강남대로 437', 37.5000000, 127.0300000, 'BASIC', 'NONE', 'BEAUTY', 9, 20, '무료 서비스', '02-535-0967', '0101000020E610000052B81E85EBC15F400000000000C04240');
INSERT INTO public.places VALUES (165, 7, '유앤아이피부과의원 건대점', '예뻐지는 시간, 유앤아이의원', '서울특별시 광진구 아차산로 219 2층', 37.5400000, 127.0700000, 'FRANCHISE', 'NONE', 'BEAUTY', 9, 20, '무료 서비스', '1661-6020', '0101000020E610000014AE47E17AC45F4085EB51B81EC54240');
INSERT INTO public.places VALUES (179, 7, '유앤아이피부과의원 안산점', '예뻐지는 시간, 유앤아이의원', '경기 안산시 단원구 중앙대로 885 힐스테이트에코 2층', 37.3300000, 126.7900000, 'FRANCHISE', 'NONE', 'BEAUTY', 9, 20, '무료 서비스', '1661-6020', '0101000020E6100000C3F5285C8FB25F400AD7A3703DAA4240');
INSERT INTO public.places VALUES (182, 7, '유앤아이피부과의원 광명점', '예뻐지는 시간, 유앤아이의원', '경기 광명시 양지로 21 어반브릭스 T타워 2층', 37.4200000, 126.8800000, 'FRANCHISE', 'NONE', 'BEAUTY', 9, 20, '무료 서비스', '1661-6020', '0101000020E6100000B81E85EB51B85F40F6285C8FC2B54240');
INSERT INTO public.places VALUES (183, 7, '유앤아이피부과의원 광교점', '예뻐지는 시간, 유앤아이의원', '경기 수원시 영통구 도청로66번길 6 힐스테이트 광교중앙역 퍼스트 3층', 37.2900000, 127.0600000, 'FRANCHISE', 'NONE', 'BEAUTY', 9, 20, '무료 서비스', '1661-6020', '0101000020E6100000A4703D0AD7C35F4085EB51B81EA54240');
INSERT INTO public.places VALUES (185, 7, '유앤아이피부과의원 인천검단점', '예뻐지는 시간, 유앤아이의원', '인천 서구 이음1로 377 검단 눈담봄 101 3층', 37.5800000, 126.7100000, 'FRANCHISE', 'NONE', 'BEAUTY', 9, 20, '무료 서비스', '1661-6020', '0101000020E61000003D0AD7A370AD5F400AD7A3703DCA4240');
INSERT INTO public.places VALUES (189, 7, '유앤아이피부과의원 김포점', '예뻐지는 시간, 유앤아이의원', '경기 김포시 김포한강4로 525 감두리빌딩 2층
', 37.6500000, 126.6300000, 'FRANCHISE', 'NONE', 'BEAUTY', 9, 20, '무료 서비스', '1661-6020', '0101000020E6100000B81E85EB51A85F403333333333D34240');
INSERT INTO public.places VALUES (191, 7, '유앤아이피부과의원 평택점', '예뻐지는 시간, 유앤아이의원', '경기 평택시 평남로 862 2층 유앤아이의원', 37.0000000, 127.1100000, 'FRANCHISE', 'NONE', 'BEAUTY', 9, 20, '무료 서비스', '1661-6020', '0101000020E6100000D7A3703D0AC75F400000000000804240');
INSERT INTO public.places VALUES (193, 7, '유앤아이피부과의원 천안점', '예뻐지는 시간, 유앤아이의원', '충남 천안시 서북구 불당22대로 92 마블러스티타워 7층 706호', 36.8200000, 127.1100000, 'FRANCHISE', 'NONE', 'BEAUTY', 9, 20, '무료 서비스', '1661-6020', '0101000020E6100000D7A3703D0AC75F40295C8FC2F5684240');
INSERT INTO public.places VALUES (197, 7, '유앤아이피부과의원 광주점', '예뻐지는 시간, 유앤아이의원', '광주 서구 치평동 1254-1', 35.1500000, 126.8500000, 'FRANCHISE', 'NONE', 'BEAUTY', 9, 20, '무료 서비스', '1661-6020', '0101000020E61000006666666666B65F403333333333934140');
INSERT INTO public.places VALUES (205, 9, '도미노피자 화곡점', '도미노 피자 고객에게 사랑 받는 NO. 1 Pizza Company', '서울특별시 강서구 강서로5길 64 (화곡동,지상1층)', 37.5300000, 126.8500000, 'FRANCHISE', 'NONE', 'FOOD', 9, 20, '할인', '1577-3082', '0101000020E61000006666666666B65F40A4703D0AD7C34240');
INSERT INTO public.places VALUES (211, 12, '브레댄코 신설동역점', '건강한 하루 한끼를 책임지는 건강한 빵', '
서울특별시 동대문구 천호대로 26, 1층 115-8호 (신설동,신설동역자이르네)', 37.5700000, 127.0300000, 'FRANCHISE', 'NONE', 'BAKERY', 9, 20, '적립', '080-855-5532', '0101000020E610000052B81E85EBC15F40295C8FC2F5C84240');
INSERT INTO public.places VALUES (217, 12, '브레댄코 건대입구역', '건강한 하루 한끼를 책임지는 건강한 빵', '서울특별시 광진구 능동로 110, 스타시티영존빌딩 지하 2층 206,207호', 37.5400000, 127.0700000, 'FRANCHISE', 'NONE', 'BAKERY', 9, 20, '적립', '080-855-5532', '0101000020E610000014AE47E17AC45F4085EB51B81EC54240');
INSERT INTO public.places VALUES (240, 12, '브레댄코 정릉점', '건강한 하루 한끼를 책임지는 건강한 빵', '
서울특별지 성북구 솔샘로 18길 58, 1층 (정릉동)', 37.6100000, 127.0100000, 'FRANCHISE', 'NONE', 'BAKERY', 9, 20, '적립', '080-855-5532', '0101000020E6100000713D0AD7A3C05F40AE47E17A14CE4240');
INSERT INTO public.places VALUES (329, NULL, '뮬랭듀몽드', '국내산 쌀로 만드는 건강한 빵이 있는 베이커리', '서울특별시 종로구 자하문로7길 13 1층', 37.5800000, 126.9700000, 'LOCAL', 'NONE', 'BAKERY', 9, 20, '할인', '02-2233-0905', '0101000020E6100000AE47E17A14BE5F400AD7A3703DCA4240');
INSERT INTO public.places VALUES (337, NULL, '까레몽 계산점', '마들렌이 맛있는 디저트 카페
', '인천 남동구 남동대로 723', 37.4700000, 126.6200000, 'LOCAL', 'NONE', 'CAFE', 9, 20, '할인', '032-265-6585', '0101000020E610000048E17A14AEA75F405C8FC2F528BC4240');
INSERT INTO public.places VALUES (339, NULL, '까레몽베이커리', '정을 나누며, 손님들에게 사랑 받는 동네빵집
', '인천시 남동구 구월로 308', 37.5000000, 126.7300000, 'LOCAL', 'NONE', 'BAKERY', 9, 20, '할인', '032-467-5984', '0101000020E61000001F85EB51B8AE5F400000000000C04240');
INSERT INTO public.places VALUES (341, NULL, '빵 굽는 곰', '제과기능장이 만드는 수제 빵집
', '인천 부평구 주부토로46번길 25', 37.4600000, 126.7100000, 'LOCAL', 'NONE', 'BAKERY', 9, 20, '할인', '032-502-9096', '0101000020E61000003D0AD7A370AD5F407B14AE47E1BA4240');
INSERT INTO public.places VALUES (349, NULL, '일품양평해장국 울산태화강점', '신선한 재료를 사용한 조림이 맛있는 곳', '울산 중구 일중로2', 35.5500000, 129.2800000, 'LOCAL', 'NONE', 'FOOD', 9, 20, '할인', '052-249-4242
', '0101000020E6100000295C8FC2F52860406666666666C64140');
INSERT INTO public.places VALUES (352, NULL, '할머니의손두부', '순두부가 맛있는 전문점', '울산 중구 태화강국가정원길 5', 35.5500000, 129.2900000, 'LOCAL', 'NONE', 'FOOD', 9, 20, '할인', '052-224-0393
', '0101000020E6100000E17A14AE472960406666666666C64140');
INSERT INTO public.places VALUES (362, NULL, '마인츠과자점', '저렴하고 맛있는 베이커리', '부산 사하구 낙동대로 549번길 63
', 35.0800000, 128.9800000, 'LOCAL', 'NONE', 'BAKERY', 9, 20, '할인', '051-207-7800
', '0101000020E61000008FC2F5285C1F60400AD7A3703D8A4140');
INSERT INTO public.places VALUES (368, NULL, '건우축산', '신선한 육류 전문점', '광주 북구 참판로 93', 35.1500000, 126.9200000, 'LOCAL', 'NONE', 'FOOD', 9, 20, '할인', '062-251-6617
', '0101000020E61000007B14AE47E1BA5F403333333333934140');
INSERT INTO public.places VALUES (373, NULL, '빵굽는마을', '따뜻한 마음이 담긴 착한 베이커리
', '경기 안양시 동안구 관악대로 103 103에비뉴', 37.3400000, 127.2900000, 'LOCAL', 'NONE', 'BAKERY', 9, 20, '할인', '031-385-8188', '0101000020E6100000C3F5285C8FD25F40EC51B81E85AB4240');
INSERT INTO public.places VALUES (404, NULL, '아쿠아필드', '찜질스파와 물놀이가 결합된 도심 속 힐링 체험공간', '아쿠아필드 고양점 (경기도 고양시 덕양구 고양대로 1955 스타필드 고양 4층)', 37.6500000, 126.8900000, 'BASIC', 'NONE', 'ACTIVITY', 9, 20, '할인', '080-234-7552', '0101000020E6100000295C8FC2F5B85F403333333333D34240');
INSERT INTO public.places VALUES (406, NULL, '원더빌리지', '즐거운 체험형 미디어 놀이터', '경기 고양시 덕양구 고양대로 1955 3층 원더빌리지', 35.1600000, 129.1700000, 'BASIC', 'NONE', 'ACTIVITY', 9, 20, '할인', '031-5173-3455', '0101000020E61000003D0AD7A37025604014AE47E17A944140');
INSERT INTO public.places VALUES (129, 3, '맥도날드 강서점', '맥도날드 강서점입니다', '서울특별시 강서구 가로공원로84길 7-5 (화곡동,(지상 1층))', 37.5400000, 126.8400000, 'FRANCHISE', 'NONE', 'FOOD', 9, 20, '할인', '02-2065-0369', '0101000020E6100000F6285C8FC2B55F4085EB51B81EC54240');
INSERT INTO public.places VALUES (150, NULL, '롯데월드 아이스링크', '국내 최고의 실내 아이스링크((동반 1인 포함) *아이스링크 야간 제외*)', '서울특별시 송파구 올림픽로 240', 37.5100000, 127.1000000, 'BASIC', 'NONE', 'ACTIVITY', 9, 20, '할인', '1661-2000', '0101000020E61000006666666666C65F40E17A14AE47C14240');
INSERT INTO public.places VALUES (166, 7, '유앤아이피부과의원 명동점', '예뻐지는 시간, 유앤아이의원', '서울특별시 중구 남대문로 78 타임워크명동빌딩 3층', 37.5600000, 126.9800000, 'FRANCHISE', 'NONE', 'BEAUTY', 9, 20, '무료 서비스', '1661-6020', '0101000020E61000001F85EB51B8BE5F4048E17A14AEC74240');
INSERT INTO public.places VALUES (178, 7, '유앤아이피부과의원 부천점', '예뻐지는 시간, 유앤아이의원', '경기 부천시 원미구 석천로 182 3층', 37.5000000, 126.7600000, 'FRANCHISE', 'NONE', 'BEAUTY', 9, 20, '무료 서비스', '1661-6020', '0101000020E6100000713D0AD7A3B05F400000000000C04240');
INSERT INTO public.places VALUES (224, 12, '브레댄코 내방본점', '건강한 하루 한끼를 책임지는 건강한 빵', '서울특별시 서초구 방배로 166, 한승빌딩 1층', 37.4900000, 126.9900000, 'FRANCHISE', 'NONE', 'BAKERY', 9, 20, '적립', '080-855-5532', '0101000020E61000008FC2F5285CBF5F401F85EB51B8BE4240');
INSERT INTO public.places VALUES (233, 12, '브레댄코 신도림역점', '건강한 하루 한끼를 책임지는 건강한 빵', '
서울특별시 구로구 새말로 117-21, 신도림역 지하층 234-109호', 37.5100000, 126.8900000, 'FRANCHISE', 'NONE', 'BAKERY', 9, 20, '적립', '080-855-5532', '0101000020E6100000295C8FC2F5B85F40E17A14AE47C14240');
INSERT INTO public.places VALUES (237, 12, '브레댄코 은평성모병원점', '건강한 하루 한끼를 책임지는 건강한 빵', '서울 은평구 통일로 1021, 지하 2층 브레댄코', 37.6300000, 126.9200000, 'FRANCHISE', 'NONE', 'BAKERY', 9, 20, '적립', '080-855-5532', '0101000020E61000007B14AE47E1BA5F40713D0AD7A3D04240');
INSERT INTO public.places VALUES (249, 12, '브레댄코 광주역동점', '건강한 하루 한끼를 책임지는 건강한 빵', '경기도 광주시 광주역6로 2, 1층(역동)', 37.4000000, 127.2500000, 'FRANCHISE', 'NONE', 'BAKERY', 9, 20, '적립', '080-855-5532', '0101000020E61000000000000000D05F403333333333B34240');
INSERT INTO public.places VALUES (256, 12, '브레댄코 수지동천점', '건강한 하루 한끼를 책임지는 건강한 빵', '
경기도 용인시 수지구 고기로 80, 1층 일부호(동천동)', 37.3500000, 127.0900000, 'FRANCHISE', 'NONE', 'BAKERY', 9, 20, '적립', '080-855-5532', '0101000020E6100000F6285C8FC2C55F40CDCCCCCCCCAC4240');
INSERT INTO public.places VALUES (260, 12, '브레댄코 의왕스마트시티퀀텀점', '건강한 하루 한끼를 책임지는 건강한 빵', '경기 의왕시 광진말로 54 의왕스마트시티퀀텀점 1층 191호', 37.4000000, 126.9800000, 'FRANCHISE', 'NONE', 'BAKERY', 9, 20, '적립', '080-855-5532', '0101000020E61000001F85EB51B8BE5F403333333333B34240');
INSERT INTO public.places VALUES (263, 12, '브레댄코 화성유일병원점', '건강한 하루 한끼를 책임지는 건강한 빵', '
경기도 화성시 남양읍 남양로 920번길 12, 1층 (101호,102호, 107-1호)(이현빌딩)', 37.2200000, 126.8300000, 'FRANCHISE', 'NONE', 'BAKERY', 9, 20, '적립', '080-855-5532', '0101000020E610000085EB51B81EB55F405C8FC2F5289C4240');
INSERT INTO public.places VALUES (276, 12, '브레댄코 천안두정점', '건강한 하루 한끼를 책임지는 건강한 빵', '충청남도 서북구 오성9길 36, 1층 브레댄코', 36.8300000, 127.1300000, 'FRANCHISE', 'NONE', 'BAKERY', 9, 20, '적립', '041-558-7366', '0101000020E6100000B81E85EB51C85F400AD7A3703D6A4240');
INSERT INTO public.places VALUES (291, 15, '더플레이스 화곡역점', '이탈리안 비스트로', '서울특별시 강서구 가로공원로 216, 1층 (화곡동, 1동 씨유마트내)', 37.5400000, 126.8400000, 'FRANCHISE', 'NONE', 'FOOD', 9, 20, '적립', '1577-0700', '0101000020E6100000F6285C8FC2B55F4085EB51B81EC54240');
INSERT INTO public.places VALUES (292, 15, '더플레이스 부경빌딩점', '이탈리안 비스트로', '서울특별시 강서구 등촌로 3, 1층 (화곡동, 4동 부경빌딩)', 37.5300000, 126.8600000, 'FRANCHISE', 'NONE', 'FOOD', 9, 20, '적립', '1577-0700', '0101000020E6100000D7A3703D0AB75F40A4703D0AD7C34240');
INSERT INTO public.places VALUES (304, 21, '메가박스 방화점', '영화보다 멋진 당신의 일상을 위하여, 라이프시어터 메가박스!', '서울특별시 강서구 방화대로45길 70, 1층 (방화동, 1동)', 37.5700000, 126.8100000, 'FRANCHISE', 'NONE', 'CULTURE', 9, 20, '상품 증정', '1544-0070', '0101000020E6100000A4703D0AD7B35F40295C8FC2F5C84240');
INSERT INTO public.places VALUES (307, NULL, '롱브르378', '커피와 프랑스 빵의 조합, 롱브르378', '서울특별시 성동구 연무장5가길 20, 2층', 37.5400000, 127.0500000, 'LOCAL', 'NONE', 'BAKERY', 9, 20, '할인', '070-7537-3780', '0101000020E61000003333333333C35F4085EB51B81EC54240');
INSERT INTO public.places VALUES (308, NULL, '포레스트휴', '꼼꼼한 두피관리 및 케어는 이곳에서', '서울특별시 성동구 연무장5가길7, 1층 A120호', 37.5800000, 126.9700000, 'LOCAL', 'NONE', 'SHOPPING', 9, 20, '할인', '010-2856-0971
', '0101000020E6100000AE47E17A14BE5F400AD7A3703DCA4240');
INSERT INTO public.places VALUES (311, NULL, '서촌금상고로케', '서촌의 명물 수제 전통 고로케 전문점', '서울특별시 종로구 통인동 74번지
', 37.5800000, 126.9700000, 'LOCAL', 'NONE', 'FOOD', 9, 20, '할인', '02-725-3157
', '0101000020E6100000AE47E17A14BE5F400AD7A3703DCA4240');
INSERT INTO public.places VALUES (320, NULL, '파티세리소나', '특색 있는 올리브식빵이 맛있는 베이커리', '서울특별시 양천구 목동중앙북로5길 34
', 37.5500000, 126.8700000, 'LOCAL', 'NONE', 'BAKERY', 9, 20, '할인', '02-2606-4454', '0101000020E610000048E17A14AEB75F406666666666C64240');
INSERT INTO public.places VALUES (377, NULL, '담하', '정갈한 한식을 맛볼 수 있는 음식점
', '경기 광주시 도척면 도척윗로 278', 37.3400000, 127.3000000, 'LOCAL', 'NONE', 'FOOD', 9, 20, '할인', '031-8026-5530', '0101000020E61000003333333333D35F40EC51B81E85AB4240');
INSERT INTO public.places VALUES (384, NULL, '빵굽는작은마을', '바게뜨가 맛있는 고양시 맛집 베이커리
', '경기 고양시 일산서구 주화로 40 블루힐132오피스텔', 37.3400000, 127.0900000, 'LOCAL', 'NONE', 'BAKERY', 9, 20, '할인', '031-919-0985', '0101000020E6100000F6285C8FC2C55F40EC51B81E85AB4240');
INSERT INTO public.places VALUES (387, NULL, '송정환과자점 본점', '생활의달인 케이크 4대천왕
', '경기 화성시 동탄순환대로25길 24', 37.8400000, 127.0700000, 'LOCAL', 'NONE', 'BAKERY', 9, 20, '할인', '031-378-3821', '0101000020E610000014AE47E17AC45F40EC51B81E85EB4240');
INSERT INTO public.places VALUES (388, NULL, '몽뻬르베이커리카페', '대한민국 제과기능장 맛집
', '경기 수원시 장안구 파장로 70', 37.8800000, 127.7300000, 'LOCAL', 'NONE', 'BAKERY', 9, 20, '할인', '031-246-5474', '0101000020E61000001F85EB51B8EE5F40713D0AD7A3F04240');
INSERT INTO public.places VALUES (391, NULL, '오가는정과', '건강하고 맛있는 답례품', '강원 춘천시 중앙로77번길 30-1', 37.8800000, 127.7300000, 'LOCAL', 'NONE', 'FOOD', 9, 20, '할인', '0507-1393-5892', '0101000020E61000001F85EB51B8EE5F40713D0AD7A3F04240');
INSERT INTO public.places VALUES (416, NULL, '세빛섬', '한강의 랜드마크 세빛섬에서 외식과 레저생활을 즐겨보세요!', '서울특별시 서초구 올림픽대로 2085-14 세빛섬', 37.5400000, 127.0900000, 'BASIC', 'NONE', 'FOOD', 9, 20, '할인', '02-566-3433', '0101000020E6100000F6285C8FC2C55F4085EB51B81EC54240');
INSERT INTO public.places VALUES (134, 4, 'GS25 등촌공항대로점', '대한민국 국가대표 편의점 GS25', '서울특별시 강서구 공항대로55길 10, 1층 (등촌동, 1동)', 37.5500000, 126.8600000, 'FRANCHISE', 'GENERAL', 'LIFE', 0, 0, '할인', '080-855-5525', '0101000020E6100000D7A3703D0AB75F406666666666C64240');
INSERT INTO public.places VALUES (123, 1, 'CGV 화곡점', 'CGV 화곡점입니다', '서울특별시 강서구 허준로5길 37, A동 (가양동,(지상 1층))', 37.5700000, 126.8500000, 'FRANCHISE', 'NONE', 'FOOD', 9, 20, '적립', '02-3661-3402', '0101000020E61000006666666666B65F40295C8FC2F5C84240');
INSERT INTO public.places VALUES (130, 6, 'GS THE FRESH 화곡본점', 'GS THE FRESH', '서울특별시 강서구 강서로7길 150, 1층 (화곡동, 1동)', 37.5300000, 126.8400000, 'FRANCHISE', 'NONE', 'SHOPPING', 9, 20, '할인', '080-855-5525', '0101000020E6100000F6285C8FC2B55F40A4703D0AD7C34240');
INSERT INTO public.places VALUES (146, 4, 'GS25 염창힐스테이트점', '대한민국 국가대표 편의점 GS25', '서울특별시 강서구 양천로73길 24, 상가동 1층 105호 (염창동, 염창힐스테이트)', 37.5500000, 126.8700000, 'FRANCHISE', 'NONE', 'LIFE', 0, 0, '할인', '080-855-5525', '0101000020E610000048E17A14AEB75F406666666666C64240');
INSERT INTO public.places VALUES (154, NULL, '이월드', '꿈, 사랑, 축제의 나라! 이월드', '대구 달서구 두류공원로 200 이월드', 35.8500000, 128.5600000, 'BASIC', 'NONE', 'ACTIVITY', 9, 20, '적립', '053-620-0001', '0101000020E610000052B81E85EB116040CDCCCCCCCCEC4140');
INSERT INTO public.places VALUES (162, NULL, '포쉬네일', '트렌드를 읽는 멋진 네일아트 서비스와 손발톱 건강을 생각하는 네일샵', '상대원동 146-8 우림라이온스밸리2차 B303호', 37.4400000, 127.1700000, 'BASIC', 'NONE', 'BEAUTY', 9, 20, '무료 서비스', '031-393-0040', '0101000020E61000007B14AE47E1CA5F40B81E85EB51B84240');
INSERT INTO public.places VALUES (168, 7, '유앤아이피부과의원 서초점', '예뻐지는 시간, 유앤아이의원', '서울특별시 서초구 방배천로2길 10 JBI빌딩 8층', 37.4800000, 126.9800000, 'FRANCHISE', 'NONE', 'BEAUTY', 9, 20, '무료 서비스', '1661-6020', '0101000020E61000001F85EB51B8BE5F403D0AD7A370BD4240');
INSERT INTO public.places VALUES (186, 7, '유앤아이피부과의원 다산점', '예뻐지는 시간, 유앤아이의원', '경기 남양주시 다산중앙로145번길 17 메트로타워1 3층', 37.6300000, 127.1500000, 'FRANCHISE', 'NONE', 'BEAUTY', 9, 20, '무료 서비스', '1661-6020', '0101000020E61000009A99999999C95F40713D0AD7A3D04240');
INSERT INTO public.places VALUES (204, 9, '도미노피자 가양점', '도미노 피자 고객에게 사랑 받는 NO. 1 Pizza Company', '서울특별시 강서구 양천로 366, 1층 (가양동, 1동)', 37.5700000, 126.8500000, 'FRANCHISE', 'NONE', 'FOOD', 9, 20, '할인', '1577-3082', '0101000020E61000006666666666B65F40295C8FC2F5C84240');
INSERT INTO public.places VALUES (212, 12, '브레댄코 가산디지털단지점', '건강한 하루 한끼를 책임지는 건강한 빵', '서울특별시 금천구 가산디지털1로 222, 1층 2호 ( 가산동, 한국후지필름복합주거시설 )', 37.4900000, 126.8800000, 'FRANCHISE', 'NONE', 'BAKERY', 9, 20, '적립', '080-855-5532', '0101000020E6100000B81E85EB51B85F401F85EB51B8BE4240');
INSERT INTO public.places VALUES (228, 12, '브레댄코 산성역자이푸르지오점', '건강한 하루 한끼를 책임지는 건강한 빵', '경기도 성남시 수정구 신흥동 736 2단지 상가 5호, 1층 브레댄코', 37.4500000, 127.1500000, 'FRANCHISE', 'NONE', 'BAKERY', 9, 20, '적립', '080-855-5532', '0101000020E61000009A99999999C95F409A99999999B94240');
INSERT INTO public.places VALUES (235, 12, '브레댄코 여의도점', '건강한 하루 한끼를 책임지는 건강한 빵', '서울특별시 영등포구 여의도동 의사당대로 97, 교보증권빌딩 지하 1층', 37.5200000, 126.9200000, 'FRANCHISE', 'NONE', 'BAKERY', 9, 20, '적립', '080-855-5532', '0101000020E61000007B14AE47E1BA5F40C3F5285C8FC24240');
INSERT INTO public.places VALUES (244, 12, '브레댄코 세종병원점', '건강한 하루 한끼를 책임지는 건강한 빵', '
인천광역시 계양구 계양문화로 20, 메디플렉스 세종병원 1층', 37.5300000, 126.7400000, 'FRANCHISE', 'NONE', 'BAKERY', 9, 20, '적립', '080-855-5532', '0101000020E61000008FC2F5285CAF5F40A4703D0AD7C34240');
INSERT INTO public.places VALUES (252, 12, '브레댄코 부천소사점', '건강한 하루 한끼를 책임지는 건강한 빵', '
경기도 부천시 소사로 156, 1층 (소사본동)', 37.4700000, 126.8000000, 'FRANCHISE', 'NONE', 'BAKERY', 9, 20, '적립', '080-855-5532', '0101000020E61000003333333333B35F405C8FC2F528BC4240');
INSERT INTO public.places VALUES (275, 12, '브레댄코 당진수청점', '건강한 하루 한끼를 책임지는 건강한 빵', '
충남 당진시 수청1로 7 5층', 36.8900000, 126.6500000, 'FRANCHISE', 'NONE', 'BAKERY', 9, 20, '적립', '041-356-1438', '0101000020E61000009A99999999A95F4052B81E85EB714240');
INSERT INTO public.places VALUES (279, 12, '브레댄코 진해롯데마트점', '건강한 하루 한끼를 책임지는 건강한 빵', '
경상남도 창원시 진해구 진해대로 762, 100호, 100-1호(석동, 롯데마트)', 35.1500000, 128.7000000, 'FRANCHISE', 'NONE', 'BAKERY', 9, 20, '적립', '055-552-1888', '0101000020E610000066666666661660403333333333934140');
INSERT INTO public.places VALUES (287, 14, 'VIPS 가양역점', 'Premium Steak & Seasonal Salad Bar', '서울특별시 강서구 화곡로 429, 지하 1층 (가양동, 3동 지하철9호선 가양역사내)', 37.5600000, 126.8600000, 'FRANCHISE', 'NONE', 'FOOD', 9, 20, '할인', '1577-0700', '0101000020E6100000D7A3703D0AB75F4048E17A14AEC74240');
INSERT INTO public.places VALUES (300, 19, '굽네치킨 방화점', '튀기지 않아도 고소하게 바사삭 굽네치킨', '서울특별시 강서구 하늘길 38, 1층 (방화동, 스카이파크)', 37.5700000, 126.8000000, 'FRANCHISE', 'NONE', 'FOOD', 9, 20, '무료 서비스', '1661-9494', '0101000020E61000003333333333B35F40295C8FC2F5C84240');
INSERT INTO public.places VALUES (332, NULL, '멜로우모먼트', '달콤함이 가득한 마카롱 맛집
', '서울특별시 중구 장충동2가 187-247번지 1층', 37.5600000, 127.0000000, 'LOCAL', 'NONE', 'BAKERY', 9, 20, '할인', '02-6406-8611', '0101000020E61000000000000000C05F4048E17A14AEC74240');
INSERT INTO public.places VALUES (340, NULL, '토모루과자점', '유기농으로 더 맛있는 과자점
', '인천광역시 계양구 효서로 385, 상가동 1층 6~8호', 37.5800000, 126.7300000, 'LOCAL', 'NONE', 'BAKERY', 9, 20, '할인', '031-958-4045', '0101000020E61000001F85EB51B8AE5F400AD7A3703DCA4240');
INSERT INTO public.places VALUES (344, NULL, '밥스딜라잇', '수제 케이크가 맛있는 베이커리', '대구 달서구 장기로 231 1층, 2층, 3층
', 35.8600000, 128.5600000, 'LOCAL', 'NONE', 'BAKERY', 9, 20, '할인', '0507-2093-5505
', '0101000020E610000052B81E85EB116040AE47E17A14EE4140');
INSERT INTO public.places VALUES (363, NULL, '아비앙또 다대점', '대한민국 제과기능장 베이커리', '부산 사하구 다송로 17, 다대동 1층(다대동,길한의원장우신용협동조합)', 35.2100000, 129.0300000, 'LOCAL', 'NONE', 'BAKERY', 9, 20, '할인', '051-264-2089
', '0101000020E6100000295C8FC2F52060407B14AE47E19A4140');
INSERT INTO public.places VALUES (380, NULL, '궁뜰38발표차커피&족욕카페', '발효효소, 식초, 청으로 만든 발효차 전문점
', '경기도 광주시 도척면 궁평하천길 42', 37.6600000, 126.7500000, 'LOCAL', 'NONE', 'CAFE', 9, 20, '할인', '0507-1306-3858', '0101000020E61000000000000000B05F4014AE47E17AD44240');
INSERT INTO public.places VALUES (403, NULL, '아쿠아필드', '찜질스파와 물놀이가 결합된 도심 속 힐링 체험공간', '아쿠아필드 하남점 (경기도 하남시 미사대로 750 스타필드 하남 3층)', 36.9900000, 127.1500000, 'BASIC', 'NONE', 'ACTIVITY', 9, 20, '할인', '080-234-7552', '0101000020E61000009A99999999C95F401F85EB51B87E4240');
INSERT INTO public.places VALUES (415, NULL, '화담숲', '정답게 이야기를 나누다''라는 뜻의 화담(和談)숲 수목원에서 다양한 테마의 정원과 산책로를 거닐 어보세요.', '경기 광주시 도척면 도척윗로 278-1', 37.5600000, 127.1100000, 'BASIC', 'NONE', 'ACTIVITY', 9, 20, '할인', '031-8026-6666', '0101000020E6100000D7A3703D0AC75F4048E17A14AEC74240');
INSERT INTO public.places VALUES (296, 17, '라그릴리아 강서점', '정통 이탈리안 그릴 및 파스타 요리를 선보이는 이탈리안 캐주얼 레스토랑입니다.', '서울특별시 강서구 강서로 259 (내발산동,우장산역엠버리움빌딩 (지상 1~2층) 101호 201~202호)', 37.5500000, 126.8400000, 'FRANCHISE', 'GENERAL', 'FOOD', 9, 20, '할인', '080-731-2027', '0101000020E6100000F6285C8FC2B55F406666666666C64240');
INSERT INTO public.places VALUES (142, 4, 'GS25 가양한화비즈점', '대한민국 국가대표 편의점 GS25', '서울특별시 강서구 양천로 551-17, 1층 103호 (가양동, 3동 한화비즈메트로1차)', 37.5700000, 126.8400000, 'FRANCHISE', 'NONE', 'LIFE', 0, 0, '할인', '080-855-5525', '0101000020E6100000F6285C8FC2B55F40295C8FC2F5C84240');
INSERT INTO public.places VALUES (169, 7, '유앤아이피부과의원 영등포점', '예뻐지는 시간, 유앤아이의원', '서울특별시 영등포구 영중로 12 에쉐르빌딩 7층', 37.5200000, 126.9100000, 'FRANCHISE', 'NONE', 'BEAUTY', 9, 20, '무료 서비스', '1661-6020', '0101000020E61000000AD7A3703DBA5F40C3F5285C8FC24240');
INSERT INTO public.places VALUES (170, 7, '유앤아이피부과의원 여의도점', '예뻐지는 시간, 유앤아이의원', '서울특별시 영등포구 국제금융로2길 37 S-TRENUE 3층 305호', 37.5200000, 126.9200000, 'FRANCHISE', 'NONE', 'BEAUTY', 9, 20, '무료 서비스', '1661-6020', '0101000020E61000007B14AE47E1BA5F40C3F5285C8FC24240');
INSERT INTO public.places VALUES (171, 7, '유앤아이피부과의원 홍대 신촌점', '예뻐지는 시간, 유앤아이의원', '서울특별시 마포구 양화로 162 좋은사람들빌딩 5층', 37.5600000, 126.9200000, 'FRANCHISE', 'NONE', 'BEAUTY', 9, 20, '무료 서비스', '1661-6020', '0101000020E61000007B14AE47E1BA5F4048E17A14AEC74240');
INSERT INTO public.places VALUES (172, 7, '유앤아이피부과의원 천호점', '예뻐지는 시간, 유앤아이의원', '서울특별시 강동구 천호대로 1024 지하1층', 37.5400000, 127.1500000, 'FRANCHISE', 'NONE', 'BEAUTY', 9, 20, '무료 서비스', '1661-6020', '0101000020E61000009A99999999C95F4085EB51B81EC54240');
INSERT INTO public.places VALUES (174, 7, '유앤아이피부과의원 구로점', '예뻐지는 시간, 유앤아이의원', '서울특별시 구로구 디지털로 306 대륭포스트타워2차 2층 213, 214호
', 37.4900000, 126.9000000, 'FRANCHISE', 'NONE', 'BEAUTY', 9, 20, '무료 서비스', '1661-6020', '0101000020E61000009A99999999B95F401F85EB51B8BE4240');
INSERT INTO public.places VALUES (175, 7, '유앤아이피부과의원 목동점', '예뻐지는 시간, 유앤아이의원', '서울특별시 양천구 목동서로 161 목동SBS PARK161 2층', 37.5300000, 126.8700000, 'FRANCHISE', 'NONE', 'BEAUTY', 9, 20, '무료 서비스', '1661-6020', '0101000020E610000048E17A14AEB75F40A4703D0AD7C34240');
INSERT INTO public.places VALUES (196, 7, '유앤아이피부과의원 산본점', '예뻐지는 시간, 유앤아이의원', '경기 군포시 산본천로 62 인베스텔 3층', 37.3600000, 126.9300000, 'FRANCHISE', 'NONE', 'BEAUTY', 9, 20, '무료 서비스', '1661-6020', '0101000020E6100000EC51B81E85BB5F40AE47E17A14AE4240');
INSERT INTO public.places VALUES (200, 7, '유앤아이피부과의원 목포점', '예뻐지는 시간, 유앤아이의원', '전남 무안군 삼향읍 남악3로 80 제일프라자 2층', 34.8100000, 126.4600000, 'FRANCHISE', 'NONE', 'BEAUTY', 9, 20, '무료 서비스', '1661-6020', '0101000020E61000003D0AD7A3709D5F4048E17A14AE674140');
INSERT INTO public.places VALUES (202, 8, '파리크라상 화곡역점', '정통 프렌치 스타일의 프리미엄 베이커리', '서울특별시 강서구 화곡로68길 36, 1층 107호 (등촌동, 1동 에이스에이존)', 37.5600000, 126.8600000, 'FRANCHISE', 'NONE', 'BAKERY', 9, 20, '할인', '031-740-5500', '0101000020E6100000D7A3703D0AB75F4048E17A14AEC74240');
INSERT INTO public.places VALUES (208, 10, '미스터피자 방화점', '100% 생도우, 100% 수제토핑, 100% 스크린구이 100%으로 고객만족 실천!!', '서울특별시 강서구 방화동로 75, 지하 1층 (방화동, 2동)', 37.5700000, 126.8100000, 'FRANCHISE', 'NONE', 'FOOD', 9, 20, '할인', '1577-0077', '0101000020E6100000A4703D0AD7B35F40295C8FC2F5C84240');
INSERT INTO public.places VALUES (216, 12, '브레댄코 거여점', '건강한 하루 한끼를 책임지는 건강한 빵', '서울 송파구 오금로 512 1층 110호', 37.4900000, 127.1500000, 'FRANCHISE', 'NONE', 'BAKERY', 9, 20, '적립', '080-855-5532', '0101000020E61000009A99999999C95F401F85EB51B8BE4240');
INSERT INTO public.places VALUES (220, 12, '브레댄코 광운대점', '건강한 하루 한끼를 책임지는 건강한 빵', '
서울특별시 노원구 광운로 20, 광운대학교 80주년 복지매장', 37.6200000, 127.0600000, 'FRANCHISE', 'NONE', 'BAKERY', 9, 20, '적립', '080-855-5532', '0101000020E6100000A4703D0AD7C35F408FC2F5285CCF4240');
INSERT INTO public.places VALUES (241, 12, '브레댄코 중앙대점', '건강한 하루 한끼를 책임지는 건강한 빵', '
서울특별시 동작구 흑석로 84, 중앙대학교 지1층 102관B117호 (흑석동)', 37.5000000, 126.9600000, 'FRANCHISE', 'NONE', 'BAKERY', 9, 20, '적립', '080-855-5532', '0101000020E61000003D0AD7A370BD5F400000000000C04240');
INSERT INTO public.places VALUES (266, 12, '브레댄코 대전관저점', '건강한 하루 한끼를 책임지는 건강한 빵', '대전광역시 서구 구봉로 121, 하나로프라자 1층 109~110호', 36.3000000, 127.3400000, 'FRANCHISE', 'NONE', 'BAKERY', 9, 20, '적립', '080-855-5532', '0101000020E6100000F6285C8FC2D55F406666666666264240');
INSERT INTO public.places VALUES (277, 12, '브레댄코 경주동국대병원점', '건강한 하루 한끼를 책임지는 건강한 빵', '
경상북도 경주시 동대로 87, 동국대학교 경주병원 2층(석장동)', 35.8600000, 129.2000000, 'FRANCHISE', 'NONE', 'BAKERY', 9, 20, '적립', '054-749-8897', '0101000020E61000006666666666266040AE47E17A14EE4140');
INSERT INTO public.places VALUES (336, NULL, '바른정육점', '좋은 고기 전문점', '인천 남동구 경인로524번길 24, 1층 11호(간석동)', 37.4600000, 126.7000000, 'LOCAL', 'NONE', 'FOOD', 9, 20, '할인', '010-8007-3774
', '0101000020E6100000CDCCCCCCCCAC5F407B14AE47E1BA4240');
INSERT INTO public.places VALUES (347, NULL, '메종드샤베르', '고구마빵이 맛있는 베이커리', '대구 수성구 교학로11길 75', 35.5500000, 129.2800000, 'LOCAL', 'NONE', 'BAKERY', 9, 20, '할인', '053-754-6090', '0101000020E6100000295C8FC2F52860406666666666C64140');
INSERT INTO public.places VALUES (348, NULL, '언양불고기한마당한우촌', '언양원조 참숯불고기가 유명한 곳', '울산 울주군 언양읍 웃방천5길 10', 35.5500000, 129.2900000, 'LOCAL', 'NONE', 'FOOD', 9, 20, '할인', '0507-1406-2047', '0101000020E6100000E17A14AE472960406666666666C64140');
INSERT INTO public.places VALUES (358, NULL, '마산이모집', '전통시장 생선구이 맛집', '부산시 해운대구 구남로41번길 8 1층', 35.1900000, 129.0900000, 'LOCAL', 'NONE', 'FOOD', 9, 20, '할인', '051-741-5514', '0101000020E61000007B14AE47E1226040B81E85EB51984140');
INSERT INTO public.places VALUES (376, NULL, '화담숲 주막', '토속음식이 준비된 고즈넉한 분위기의 주막
', '경기 광주시 도척면 도척윗로 278-1', 37.3400000, 127.3000000, 'LOCAL', 'NONE', 'FOOD', 9, 20, '할인', '031-8026-5550', '0101000020E61000003333333333D35F40EC51B81E85AB4240');
INSERT INTO public.places VALUES (378, NULL, '미라시아', '한식, 중식, 일식 등 다양한 맛을 즐길 수 있는 뷔페
', '경기 광주시 도척면 도척윗로 278', 37.3400000, 127.3400000, 'LOCAL', 'NONE', 'FOOD', 9, 20, '할인', '031-8026-5510', '0101000020E6100000F6285C8FC2D55F40EC51B81E85AB4240');
INSERT INTO public.places VALUES (389, NULL, 'HK노엘제과점', '자연발효 건강빵이 맛있는 베이커리
', '경기 양주시 회정로 114', 37.8800000, 127.7300000, 'LOCAL', 'NONE', 'BAKERY', 9, 20, '할인', '031-859-9290', '0101000020E61000001F85EB51B8EE5F40713D0AD7A3F04240');
INSERT INTO public.places VALUES (410, 25, '아쿠아플라넷 일산', '드넓은 대양을 품은 아름다운 바다의 별', '경기도 고양시 일산서구 한류월드로 282 아쿠아플라넷 일산', 34.7500000, 127.7500000, 'FRANCHISE', 'NONE', 'ACTIVITY', 9, 20, '할인', ' 02-789-5663', '0101000020E61000000000000000F05F400000000000604140');
INSERT INTO public.places VALUES (412, 25, '아쿠아플라넷 여수', '드넓은 대양을 품은 아름다운 바다의 별', '전라남도 여수시 오동도로 61-11 아쿠아리움', 35.1600000, 129.1600000, 'FRANCHISE', 'NONE', 'ACTIVITY', 9, 20, '할인', ' 02-789-5663', '0101000020E610000085EB51B81E25604014AE47E17A944140');
INSERT INTO public.places VALUES (324, NULL, '보나세라 오가닉', '치즈식빵과 벚꽃빵 맛집
', '서울특별시 강서구 등촌로 55길 39
', 37.5500000, 126.8600000, 'LOCAL', 'GENERAL', 'BAKERY', 9, 20, '할인', '02-2668-9776
', '0101000020E6100000D7A3703D0AB75F406666666666C64240');
INSERT INTO public.places VALUES (149, NULL, '서울랜드', '21세기 꿈과 희망을 열어가는 서울랜드
(종합이용권 할인, 동반 1인 30%할인)', '경기 과천시 광명로 181', 37.4400000, 127.0200000, 'BASIC', 'NONE', 'ACTIVITY', 9, 20, '상품 증정', '02-509-6000', '0101000020E6100000E17A14AE47C15F40B81E85EB51B84240');
INSERT INTO public.places VALUES (207, 10, '미스터피자 등촌점', '100% 생도우, 100% 수제토핑, 100% 스크린구이 100%으로 고객만족 실천!!', '서울특별시 강서구 강서로 462, 106~107호 (등촌동,대룡드림타워-1 (지상 1층))', 37.5700000, 126.8400000, 'FRANCHISE', 'NONE', 'FOOD', 9, 20, '할인', '1577-0077', '0101000020E6100000F6285C8FC2B55F40295C8FC2F5C84240');
INSERT INTO public.places VALUES (215, 12, '브레댄코 강북삼성병원점', '건강한 하루 한끼를 책임지는 건강한 빵', '
서울특별시 종로구 새문안로 29, 강북삼성병원 지하 2층(평동)', 37.5700000, 126.9700000, 'FRANCHISE', 'NONE', 'BAKERY', 9, 20, '적립', '080-855-5532', '0101000020E6100000AE47E17A14BE5F40295C8FC2F5C84240');
INSERT INTO public.places VALUES (236, 12, '브레댄코 왕십리점', '건강한 하루 한끼를 책임지는 건강한 빵', '서울특별시 성동구 왕십리로24길 38, 1층', 37.5700000, 127.0300000, 'FRANCHISE', 'NONE', 'BAKERY', 9, 20, '적립', '080-855-5532', '0101000020E610000052B81E85EBC15F40295C8FC2F5C84240');
INSERT INTO public.places VALUES (253, 12, '브레댄코 부천옥길점', '건강한 하루 한끼를 책임지는 건강한 빵', '
경기도 부천시 소사구 옥길로 111, 103호', 37.4700000, 126.8200000, 'FRANCHISE', 'NONE', 'BAKERY', 9, 20, '적립', '080-855-5532', '0101000020E610000014AE47E17AB45F405C8FC2F528BC4240');
INSERT INTO public.places VALUES (264, 12, '브레댄코 화성향남점', '건강한 하루 한끼를 책임지는 건강한 빵', '경기도 화성시 향남읍 발안로 113, 105호 (아스날 메디컬프라자)', 37.1300000, 126.9200000, 'FRANCHISE', 'NONE', 'BAKERY', 9, 20, '적립', '080-855-5532', '0101000020E61000007B14AE47E1BA5F40713D0AD7A3904240');
INSERT INTO public.places VALUES (267, 12, '브레댄코 울산과학기술원점', '건강한 하루 한끼를 책임지는 건강한 빵', '
울산광역시 울주군 언양읍 유니스트길 50, 커뮤니티센터 1층', 35.5800000, 129.1900000, 'FRANCHISE', 'NONE', 'BAKERY', 9, 20, '적립', '080-855-5532', '0101000020E6100000AE47E17A142660400AD7A3703DCA4140');
INSERT INTO public.places VALUES (268, 12, '브레댄코 울산율리점', '건강한 하루 한끼를 책임지는 건강한 빵', '
울산시 청량읍 율리영해2길 24 1층', 35.5300000, 129.2400000, 'FRANCHISE', 'NONE', 'BAKERY', 9, 20, '적립', '080-855-5532', '0101000020E610000048E17A14AE276040A4703D0AD7C34140');
INSERT INTO public.places VALUES (270, 12, '브레댄코 강원대병원점', '건강한 하루 한끼를 책임지는 건강한 빵', '강원도 춘천시 백령로 156, 어린이 병동 1층(효자동, 강원대학교병원)', 37.8800000, 127.7500000, 'FRANCHISE', 'NONE', 'BAKERY', 9, 20, '적립', '033-252-1450', '0101000020E61000000000000000F05F40713D0AD7A3F04240');
INSERT INTO public.places VALUES (271, 12, '브레댄코 원주연세세브란스병원점', '건강한 하루 한끼를 책임지는 건강한 빵', '강원도 원주시 일산로 20, 연세대학교 원주연세의료원 후생관건물 1층', 37.3500000, 127.9500000, 'FRANCHISE', 'NONE', 'BAKERY', 9, 20, '적립', '033-743-9066', '0101000020E6100000CDCCCCCCCCFC5F40CDCCCCCCCCAC4240');
INSERT INTO public.places VALUES (303, 21, '메가박스 김포공항스카이파크점', '영화보다 멋진 당신의 일상을 위하여, 라이프시어터 메가박스!', '서울특별시 강서구 하늘길 38, 지하 2층 (방화동, 2동 김포공항스카이파크)', 37.5600000, 126.8000000, 'FRANCHISE', 'NONE', 'CULTURE', 9, 20, '상품 증정', '1544-0070', '0101000020E61000003333333333B35F4048E17A14AEC74240');
INSERT INTO public.places VALUES (305, 21, '메가박스 마곡점', '영화보다 멋진 당신의 일상을 위하여, 라이프시어터 메가박스!', '서울특별시 강서구 하늘길 76, 3층 (과해동)', 37.5600000, 126.8000000, 'FRANCHISE', 'NONE', 'CULTURE', 9, 20, '상품 증정', '1544-0070', '0101000020E61000003333333333B35F4048E17A14AEC74240');
INSERT INTO public.places VALUES (327, NULL, '베어스덴베이커리', '각종 메스컴에 소개된 식빵 맛집 베이커리
', '서울특별시 마포구 양화로23길 10-9(도교동 147-59 1층 베어스덴 베이커리)', 37.5600000, 126.9300000, 'LOCAL', 'NONE', 'BAKERY', 9, 20, '할인', '0507-1311-0204
', '0101000020E6100000EC51B81E85BB5F4048E17A14AEC74240');
INSERT INTO public.places VALUES (353, NULL, '소소원', '한방찻집 데이트 장소로 좋은 카페', '울산 중구 태화강국가정원길 45', 35.5500000, 129.2900000, 'LOCAL', 'NONE', 'CAFE', 9, 20, '할인', '052-222-3775
', '0101000020E6100000E17A14AE472960406666666666C64140');
INSERT INTO public.places VALUES (357, NULL, '황금산곰장어', '살아있는 곰장어 구이 전문점', '부산시 해운대구 구남로41번길 8', 35.1600000, 129.1600000, 'LOCAL', 'NONE', 'FOOD', 9, 20, '할인', '051-746-6976
', '0101000020E610000085EB51B81E25604014AE47E17A944140');
INSERT INTO public.places VALUES (359, NULL, '바다횟집', '바다횟집', '부산시 해운대구 구남로41번길 15', 35.1700000, 129.1600000, 'LOCAL', 'NONE', 'FOOD', 9, 20, '할인', '0507-1346-7177
', '0101000020E610000085EB51B81E256040F6285C8FC2954140');
INSERT INTO public.places VALUES (379, NULL, '라그로타', '800여종의 와인리스트를 보유한 이탈리안 레스토랑
', '경기 광주시 도척면 도척윗로 278', 37.3400000, 127.3400000, 'LOCAL', 'NONE', 'FOOD', 9, 20, '할인', '031-8026-5566', '0101000020E6100000F6285C8FC2D55F40EC51B81E85AB4240');
INSERT INTO public.places VALUES (383, NULL, '르뱅브레드', '건강을 생각하는 천연효모 베이커리
', '경기도 의정부시 신촌로 63번길 20-4', 37.6800000, 126.8100000, 'LOCAL', 'NONE', 'BAKERY', 9, 20, '할인', '070-4042-5006', '0101000020E6100000A4703D0AD7B35F40D7A3703D0AD74240');
INSERT INTO public.places VALUES (390, NULL, '수플레', '춘천 육림고개의 돈까스 맛집', '강원 춘천시 죽림동 4-12
', 37.8800000, 127.7600000, 'LOCAL', 'NONE', 'FOOD', 9, 20, '할인', '033-253-8816', '0101000020E6100000713D0AD7A3F05F40713D0AD7A3F04240');
INSERT INTO public.places VALUES (400, 22, '푸드엠파이어 창원한마음병원점', '전문 셰프의 요리들을 한 자리에서 선보이는 프리미엄 푸드 홀', '경상남도 창원시 의창구 사림동 164-1', 37.5300000, 126.8500000, 'FRANCHISE', 'NONE', 'FOOD', 9, 20, '할인', ' 080-234-7575', '0101000020E61000006666666666B65F40A4703D0AD7C34240');
INSERT INTO public.places VALUES (408, NULL, '부산 엑스 더 스카이', '하늘 위의 바다, 부산엑스더스카이', '부산 해운대구 달맞이길 30', 37.6600000, 126.7600000, 'BASIC', 'NONE', 'ACTIVITY', 9, 20, '할인', ' 051-731-0098
 051-731-0099', '0101000020E6100000713D0AD7A3B05F4014AE47E17AD44240');
INSERT INTO public.places VALUES (411, 25, '아쿠아플라넷 광교', '드넓은 대양을 품은 아름다운 바다의 별', '경기도 수원시 영통구 광교중앙로 124 갤러리아 광교 파사쥬 지하 1층', 33.4300000, 126.9300000, 'FRANCHISE', 'NONE', 'ACTIVITY', 9, 20, '할인', ' 02-789-5663', '0101000020E6100000EC51B81E85BB5F40D7A3703D0AB74040');
INSERT INTO public.places VALUES (414, NULL, '씨라이프부산아쿠아리움', '대한민국 대표 해양테마파크 SEA LIFE 부산아쿠아리움!!', '부산 해운대구 해운대해변로 266', 37.5100000, 126.9900000, 'BASIC', 'NONE', 'ACTIVITY', 9, 20, '할인', '051-740-1700', '0101000020E61000008FC2F5285CBF5F40E17A14AE47C14240');
INSERT INTO public.places VALUES (117, 1, 'CGV 강서점', 'CGV강서점 입니다', '서울특별시 강서구 양천로 431 (가양동)', 37.5700000, 126.8500000, 'FRANCHISE', 'NONE', 'CULTURE', 9, 20, '적립', '02-3663-0351', '0101000020E61000006666666666B65F40295C8FC2F5C84240');
INSERT INTO public.places VALUES (141, 4, 'GS25 내발산대로점', '대한민국 국가대표 편의점 GS25', '서울특별시 강서구 공항대로42길 16, 1층 (내발산동)', 37.5600000, 126.8400000, 'FRANCHISE', 'NONE', 'LIFE', 0, 0, '할인', '080-855-5525', '0101000020E6100000F6285C8FC2B55F4048E17A14AEC74240');
INSERT INTO public.places VALUES (143, 4, 'GS25 방화2단지점', '대한민국 국가대표 편의점 GS25', '서울특별시 강서구 방화대로48길 40, 104호 (방화동, 방화2-1단지 임대상가, 3동)', 37.5700000, 126.8200000, 'FRANCHISE', 'NONE', 'LIFE', 0, 0, '할인', '080-855-5525', '0101000020E610000014AE47E17AB45F40295C8FC2F5C84240');
INSERT INTO public.places VALUES (163, 7, '유앤아이피부과의원 강남점', '예뻐지는 시간, 유앤아이의원', '서울특별시 강남구 강남대로 470 808타워 6층', 37.5000000, 127.0300000, 'FRANCHISE', 'NONE', 'BEAUTY', 9, 20, '무료 서비스', '1661-6020', '0101000020E610000052B81E85EBC15F400000000000C04240');
INSERT INTO public.places VALUES (173, 7, '유앤아이피부과의원 안양점', '예뻐지는 시간, 유앤아이의원', '경기 안양시 동안구 시민대로 161 안양무역센터 3층', 37.3900000, 126.9500000, 'FRANCHISE', 'NONE', 'BEAUTY', 9, 20, '무료 서비스', '1661-6020', '0101000020E6100000CDCCCCCCCCBC5F4052B81E85EBB14240');
INSERT INTO public.places VALUES (177, 7, '유앤아이피부과의원 일산점', '예뻐지는 시간, 유앤아이의원', '경기 고양시 일산동구 중앙로1275번길 38-5 이레21빌딩 4층 401, 402, 403호', 37.6600000, 126.7700000, 'FRANCHISE', 'NONE', 'BEAUTY', 9, 20, '무료 서비스', '1661-6020', '0101000020E6100000E17A14AE47B15F4014AE47E17AD44240');
INSERT INTO public.places VALUES (181, 7, '유앤아이피부과의원 의정부점', '예뻐지는 시간, 유앤아이의원', '경기 의정부시 천보로 44 해동본타워 4
', 37.7400000, 127.1000000, 'FRANCHISE', 'NONE', 'BEAUTY', 9, 20, '무료 서비스', '1661-6020', '0101000020E61000006666666666C65F401F85EB51B8DE4240');
INSERT INTO public.places VALUES (201, 8, '파리크라상 공항동점', '정통 프렌치 스타일의 프리미엄 베이커리', '서울특별시 강서구 오정로 443-83, 지하 1층 (오쇠동, 공항동)', 37.5500000, 126.8000000, 'FRANCHISE', 'NONE', 'BAKERY', 9, 20, '할인', '031-740-5500', '0101000020E61000003333333333B35F406666666666C64240');
INSERT INTO public.places VALUES (420, 24, '그라운드시소 서촌', '그라운드 시소 전시관', '서울특별시 종로구 자하문로6길 18-8', 37.5800000, 126.9700000, 'FRANCHISE', 'NONE', 'CULTURE', 9, 20, '할인', '1522-2653 ', '0101000020E6100000AE47E17A14BE5F400AD7A3703DCA4240');
INSERT INTO public.places VALUES (209, 10, '미스터피자 화곡시장점', '100% 생도우, 100% 수제토핑, 100% 스크린구이 100%으로 고객만족 실천!!', '서울특별시 강서구 강서로45길 45, 1층 102호 (화곡동, 3동)', 37.5500000, 126.8300000, 'FRANCHISE', 'NONE', 'FOOD', 9, 20, '할인', '1577-0077', '0101000020E610000085EB51B81EB55F406666666666C64240');
INSERT INTO public.places VALUES (213, 12, '브레댄코 강남역점', '건강한 하루 한끼를 책임지는 건강한 빵', '서울특별시 서초구 서초대로74길 29, 1층 101호', 37.4900000, 127.0300000, 'FRANCHISE', 'NONE', 'BAKERY', 9, 20, '적립', '080-855-5532', '0101000020E610000052B81E85EBC15F401F85EB51B8BE4240');
INSERT INTO public.places VALUES (221, 12, '브레댄코 구로역점', '건강한 하루 한끼를 책임지는 건강한 빵', '서울특별시 구로구 구로중앙로 174, 구로역 선상통로 제과점', 37.5000000, 126.8800000, 'FRANCHISE', 'NONE', 'BAKERY', 9, 20, '적립', '080-855-5532', '0101000020E6100000B81E85EB51B85F400000000000C04240');
INSERT INTO public.places VALUES (232, 12, '브레댄코 숭실대점', '건강한 하루 한끼를 책임지는 건강한 빵', '
서울특별시 동작구 상도로 378, 숭실대입구역 지하 1층 1002호', 37.5000000, 126.9500000, 'FRANCHISE', 'NONE', 'BAKERY', 9, 20, '적립', '080-855-5532', '0101000020E6100000CDCCCCCCCCBC5F400000000000C04240');
INSERT INTO public.places VALUES (245, 12, '브레댄코 영종구읍뱃터점', '건강한 하루 한끼를 책임지는 건강한 빵', '인천 중구 은하수로 1, 10층', 37.4900000, 126.5800000, 'FRANCHISE', 'NONE', 'BAKERY', 9, 20, '적립', '080-855-5532', '0101000020E610000085EB51B81EA55F401F85EB51B8BE4240');
INSERT INTO public.places VALUES (247, 12, '브레댄코 광교복합체육센터점', '건강한 하루 한끼를 책임지는 건강한 빵', '경기도 수원시 영통구 광교호수로 151,1층', 37.2800000, 127.0700000, 'FRANCHISE', 'NONE', 'BAKERY', 9, 20, '적립', '080-855-5532', '0101000020E610000014AE47E17AC45F40A4703D0AD7A34240');
INSERT INTO public.places VALUES (278, 12, '브레댄코 귀산점', '건강한 하루 한끼를 책임지는 건강한 빵', '
경상남도 창원시 성산구 삼귀로 203, 1층 (귀곡동)', 35.1700000, 128.6000000, 'FRANCHISE', 'NONE', 'BAKERY', 9, 20, '적립', '070-8827-7770', '0101000020E61000003333333333136040F6285C8FC2954140');
INSERT INTO public.places VALUES (297, 17, '라그릴리아 NC등촌점', '정통 이탈리안 그릴 및 파스타 요리를 선보이는 이탈리안 캐주얼 레스토랑입니다.', '서울특별시 강서구 강서로56길 17, 엔씨백화점 9층 (등촌동)', 37.5600000, 126.8400000, 'FRANCHISE', 'NONE', 'FOOD', 9, 20, '할인', '080-731-2027', '0101000020E6100000F6285C8FC2B55F4048E17A14AEC74240');
INSERT INTO public.places VALUES (321, NULL, '밀파네', '유기농 밀로 만든 식빵 전문 베이커리', '서울특별시 은평구 응암동 672-13', 37.5900000, 126.9200000, 'LOCAL', 'NONE', 'BAKERY', 9, 20, '할인', '02-372-0077', '0101000020E61000007B14AE47E1BA5F40EC51B81E85CB4240');
INSERT INTO public.places VALUES (325, NULL, '에꼴드쉐프과자점(로겐하임점)', '호두파이가 맛있는 명일동 맛집 베이커리
', '서울특별시 강동구 동남로71길 32,1층 101호', 37.5500000, 127.1500000, 'LOCAL', 'NONE', 'BAKERY', 9, 20, '할인', '02-481-8263', '0101000020E61000009A99999999C95F406666666666C64240');
INSERT INTO public.places VALUES (333, NULL, '하베스트과자점', '달콤한 디저트가 있는 베이커리
', '서울특별시 강동구 명일로 375 1층 27호', 37.5500000, 127.1500000, 'LOCAL', 'NONE', 'BAKERY', 9, 20, '할인', '0507-1574-2543', '0101000020E61000009A99999999C95F406666666666C64240');
INSERT INTO public.places VALUES (417, NULL, '빛의 시어터', '워커힐에 위치한 국내 최대 규모의 몰입형 예술전시', '서울특별시 광진구 워커힐로 177 워커힐호텔 B1층', 37.5600000, 126.9700000, 'BASIC', 'NONE', 'CULTURE', 9, 20, '할인', '1522-2653 ', '0101000020E6100000AE47E17A14BE5F4048E17A14AEC74240');
INSERT INTO public.places VALUES (419, 24, '그라운드시소 센트럴', '그라운드 시소 전시관', '서울특별시 중구 세종대로 14 그랜드센트럴 3F', 37.5600000, 126.9800000, 'FRANCHISE', 'NONE', 'CULTURE', 9, 20, '할인', '1522-2653 ', '0101000020E61000001F85EB51B8BE5F4048E17A14AEC74240');
INSERT INTO public.places VALUES (131, 6, 'GS THE FRESH 등촌역점', 'GS THE FRESH', '서울특별시 강서구 양천로 476, 5호 (등촌동,(지상 7층))', 37.5500000, 126.8600000, 'FRANCHISE', 'GENERAL', 'SHOPPING', 9, 20, '할인', '080-855-5525', '0101000020E6100000D7A3703D0AB75F406666666666C64240');


--
-- TOC entry 5591 (class 0 OID 22293)
-- Dependencies: 243
-- Data for Name: pos; Type: TABLE DATA; Schema: public; Owner: -
--

INSERT INTO public.pos VALUES (1, 115);
INSERT INTO public.pos VALUES (2, 118);
INSERT INTO public.pos VALUES (3, 137);
INSERT INTO public.pos VALUES (4, 144);
INSERT INTO public.pos VALUES (5, 151);
INSERT INTO public.pos VALUES (6, 157);
INSERT INTO public.pos VALUES (7, 160);
INSERT INTO public.pos VALUES (8, 167);
INSERT INTO public.pos VALUES (9, 314);
INSERT INTO public.pos VALUES (10, 138);
INSERT INTO public.pos VALUES (11, 259);
INSERT INTO public.pos VALUES (12, 298);
INSERT INTO public.pos VALUES (13, 299);
INSERT INTO public.pos VALUES (14, 192);
INSERT INTO public.pos VALUES (15, 119);
INSERT INTO public.pos VALUES (16, 465);
INSERT INTO public.pos VALUES (17, 356);
INSERT INTO public.pos VALUES (18, 365);
INSERT INTO public.pos VALUES (19, 407);
INSERT INTO public.pos VALUES (20, 293);
INSERT INTO public.pos VALUES (21, 309);
INSERT INTO public.pos VALUES (22, 139);
INSERT INTO public.pos VALUES (23, 234);
INSERT INTO public.pos VALUES (24, 313);
INSERT INTO public.pos VALUES (25, 345);
INSERT INTO public.pos VALUES (26, 351);
INSERT INTO public.pos VALUES (27, 361);
INSERT INTO public.pos VALUES (28, 285);
INSERT INTO public.pos VALUES (29, 306);
INSERT INTO public.pos VALUES (30, 413);
INSERT INTO public.pos VALUES (31, 116);
INSERT INTO public.pos VALUES (32, 135);
INSERT INTO public.pos VALUES (33, 148);
INSERT INTO public.pos VALUES (34, 152);
INSERT INTO public.pos VALUES (35, 195);
INSERT INTO public.pos VALUES (36, 239);
INSERT INTO public.pos VALUES (37, 242);
INSERT INTO public.pos VALUES (38, 243);
INSERT INTO public.pos VALUES (39, 254);
INSERT INTO public.pos VALUES (40, 258);
INSERT INTO public.pos VALUES (41, 269);
INSERT INTO public.pos VALUES (42, 274);
INSERT INTO public.pos VALUES (43, 290);
INSERT INTO public.pos VALUES (44, 310);
INSERT INTO public.pos VALUES (45, 317);
INSERT INTO public.pos VALUES (46, 323);
INSERT INTO public.pos VALUES (47, 355);
INSERT INTO public.pos VALUES (48, 366);
INSERT INTO public.pos VALUES (49, 367);
INSERT INTO public.pos VALUES (50, 370);
INSERT INTO public.pos VALUES (51, 371);
INSERT INTO public.pos VALUES (52, 382);
INSERT INTO public.pos VALUES (53, 386);
INSERT INTO public.pos VALUES (54, 397);
INSERT INTO public.pos VALUES (55, 402);
INSERT INTO public.pos VALUES (56, 418);
INSERT INTO public.pos VALUES (57, 121);
INSERT INTO public.pos VALUES (58, 132);
INSERT INTO public.pos VALUES (59, 156);
INSERT INTO public.pos VALUES (60, 176);
INSERT INTO public.pos VALUES (61, 180);
INSERT INTO public.pos VALUES (62, 188);
INSERT INTO public.pos VALUES (63, 214);
INSERT INTO public.pos VALUES (64, 226);
INSERT INTO public.pos VALUES (65, 227);
INSERT INTO public.pos VALUES (66, 238);
INSERT INTO public.pos VALUES (67, 246);
INSERT INTO public.pos VALUES (68, 257);
INSERT INTO public.pos VALUES (69, 265);
INSERT INTO public.pos VALUES (70, 273);
INSERT INTO public.pos VALUES (71, 281);
INSERT INTO public.pos VALUES (72, 294);
INSERT INTO public.pos VALUES (73, 302);
INSERT INTO public.pos VALUES (74, 318);
INSERT INTO public.pos VALUES (75, 334);
INSERT INTO public.pos VALUES (76, 342);
INSERT INTO public.pos VALUES (77, 354);
INSERT INTO public.pos VALUES (78, 374);
INSERT INTO public.pos VALUES (79, 385);
INSERT INTO public.pos VALUES (80, 393);
INSERT INTO public.pos VALUES (81, 401);
INSERT INTO public.pos VALUES (82, 409);
INSERT INTO public.pos VALUES (83, 128);
INSERT INTO public.pos VALUES (84, 136);
INSERT INTO public.pos VALUES (85, 164);
INSERT INTO public.pos VALUES (86, 184);
INSERT INTO public.pos VALUES (87, 194);
INSERT INTO public.pos VALUES (88, 198);
INSERT INTO public.pos VALUES (89, 206);
INSERT INTO public.pos VALUES (90, 218);
INSERT INTO public.pos VALUES (91, 222);
INSERT INTO public.pos VALUES (92, 301);
INSERT INTO public.pos VALUES (93, 322);
INSERT INTO public.pos VALUES (94, 326);
INSERT INTO public.pos VALUES (95, 338);
INSERT INTO public.pos VALUES (96, 346);
INSERT INTO public.pos VALUES (97, 350);
INSERT INTO public.pos VALUES (98, 372);
INSERT INTO public.pos VALUES (99, 140);
INSERT INTO public.pos VALUES (100, 210);
INSERT INTO public.pos VALUES (101, 120);
INSERT INTO public.pos VALUES (102, 122);
INSERT INTO public.pos VALUES (103, 124);
INSERT INTO public.pos VALUES (104, 127);
INSERT INTO public.pos VALUES (105, 133);
INSERT INTO public.pos VALUES (106, 126);
INSERT INTO public.pos VALUES (107, 203);
INSERT INTO public.pos VALUES (108, 288);
INSERT INTO public.pos VALUES (109, 125);
INSERT INTO public.pos VALUES (110, 399);
INSERT INTO public.pos VALUES (111, 147);
INSERT INTO public.pos VALUES (112, 153);
INSERT INTO public.pos VALUES (113, 158);
INSERT INTO public.pos VALUES (114, 159);
INSERT INTO public.pos VALUES (115, 190);
INSERT INTO public.pos VALUES (116, 219);
INSERT INTO public.pos VALUES (117, 230);
INSERT INTO public.pos VALUES (118, 248);
INSERT INTO public.pos VALUES (119, 250);
INSERT INTO public.pos VALUES (120, 261);
INSERT INTO public.pos VALUES (121, 282);
INSERT INTO public.pos VALUES (122, 312);
INSERT INTO public.pos VALUES (123, 315);
INSERT INTO public.pos VALUES (124, 316);
INSERT INTO public.pos VALUES (125, 328);
INSERT INTO public.pos VALUES (126, 330);
INSERT INTO public.pos VALUES (127, 331);
INSERT INTO public.pos VALUES (128, 369);
INSERT INTO public.pos VALUES (129, 283);
INSERT INTO public.pos VALUES (130, 405);
INSERT INTO public.pos VALUES (131, 284);
INSERT INTO public.pos VALUES (132, 187);
INSERT INTO public.pos VALUES (133, 199);
INSERT INTO public.pos VALUES (134, 223);
INSERT INTO public.pos VALUES (135, 225);
INSERT INTO public.pos VALUES (136, 229);
INSERT INTO public.pos VALUES (137, 231);
INSERT INTO public.pos VALUES (138, 251);
INSERT INTO public.pos VALUES (139, 255);
INSERT INTO public.pos VALUES (140, 262);
INSERT INTO public.pos VALUES (141, 272);
INSERT INTO public.pos VALUES (142, 280);
INSERT INTO public.pos VALUES (143, 286);
INSERT INTO public.pos VALUES (144, 289);
INSERT INTO public.pos VALUES (145, 295);
INSERT INTO public.pos VALUES (146, 319);
INSERT INTO public.pos VALUES (147, 335);
INSERT INTO public.pos VALUES (148, 343);
INSERT INTO public.pos VALUES (149, 360);
INSERT INTO public.pos VALUES (150, 364);
INSERT INTO public.pos VALUES (151, 375);
INSERT INTO public.pos VALUES (152, 381);
INSERT INTO public.pos VALUES (153, 392);
INSERT INTO public.pos VALUES (154, 394);
INSERT INTO public.pos VALUES (155, 395);
INSERT INTO public.pos VALUES (156, 396);
INSERT INTO public.pos VALUES (157, 398);
INSERT INTO public.pos VALUES (158, 145);
INSERT INTO public.pos VALUES (159, 155);
INSERT INTO public.pos VALUES (160, 161);
INSERT INTO public.pos VALUES (161, 165);
INSERT INTO public.pos VALUES (162, 179);
INSERT INTO public.pos VALUES (163, 182);
INSERT INTO public.pos VALUES (164, 183);
INSERT INTO public.pos VALUES (165, 185);
INSERT INTO public.pos VALUES (166, 189);
INSERT INTO public.pos VALUES (167, 191);
INSERT INTO public.pos VALUES (168, 193);
INSERT INTO public.pos VALUES (169, 197);
INSERT INTO public.pos VALUES (170, 205);
INSERT INTO public.pos VALUES (171, 211);
INSERT INTO public.pos VALUES (172, 217);
INSERT INTO public.pos VALUES (173, 240);
INSERT INTO public.pos VALUES (174, 329);
INSERT INTO public.pos VALUES (175, 337);
INSERT INTO public.pos VALUES (176, 339);
INSERT INTO public.pos VALUES (177, 341);
INSERT INTO public.pos VALUES (178, 349);
INSERT INTO public.pos VALUES (179, 352);
INSERT INTO public.pos VALUES (180, 362);
INSERT INTO public.pos VALUES (181, 368);
INSERT INTO public.pos VALUES (182, 373);
INSERT INTO public.pos VALUES (183, 404);
INSERT INTO public.pos VALUES (184, 406);
INSERT INTO public.pos VALUES (185, 129);
INSERT INTO public.pos VALUES (186, 150);
INSERT INTO public.pos VALUES (187, 166);
INSERT INTO public.pos VALUES (188, 178);
INSERT INTO public.pos VALUES (189, 224);
INSERT INTO public.pos VALUES (190, 233);
INSERT INTO public.pos VALUES (191, 237);
INSERT INTO public.pos VALUES (192, 249);
INSERT INTO public.pos VALUES (193, 256);
INSERT INTO public.pos VALUES (194, 260);
INSERT INTO public.pos VALUES (195, 263);
INSERT INTO public.pos VALUES (196, 276);
INSERT INTO public.pos VALUES (197, 291);
INSERT INTO public.pos VALUES (198, 292);
INSERT INTO public.pos VALUES (199, 304);
INSERT INTO public.pos VALUES (200, 307);
INSERT INTO public.pos VALUES (201, 308);
INSERT INTO public.pos VALUES (202, 311);
INSERT INTO public.pos VALUES (203, 320);
INSERT INTO public.pos VALUES (204, 377);
INSERT INTO public.pos VALUES (205, 384);
INSERT INTO public.pos VALUES (206, 387);
INSERT INTO public.pos VALUES (207, 388);
INSERT INTO public.pos VALUES (208, 391);
INSERT INTO public.pos VALUES (209, 416);
INSERT INTO public.pos VALUES (210, 134);
INSERT INTO public.pos VALUES (211, 123);
INSERT INTO public.pos VALUES (212, 130);
INSERT INTO public.pos VALUES (213, 146);
INSERT INTO public.pos VALUES (214, 154);
INSERT INTO public.pos VALUES (215, 162);
INSERT INTO public.pos VALUES (216, 168);
INSERT INTO public.pos VALUES (217, 186);
INSERT INTO public.pos VALUES (218, 204);
INSERT INTO public.pos VALUES (219, 212);
INSERT INTO public.pos VALUES (220, 228);
INSERT INTO public.pos VALUES (221, 235);
INSERT INTO public.pos VALUES (222, 244);
INSERT INTO public.pos VALUES (223, 252);
INSERT INTO public.pos VALUES (224, 275);
INSERT INTO public.pos VALUES (225, 279);
INSERT INTO public.pos VALUES (226, 287);
INSERT INTO public.pos VALUES (227, 300);
INSERT INTO public.pos VALUES (228, 332);
INSERT INTO public.pos VALUES (229, 340);
INSERT INTO public.pos VALUES (230, 344);
INSERT INTO public.pos VALUES (231, 363);
INSERT INTO public.pos VALUES (232, 380);
INSERT INTO public.pos VALUES (233, 403);
INSERT INTO public.pos VALUES (234, 415);
INSERT INTO public.pos VALUES (235, 296);
INSERT INTO public.pos VALUES (236, 142);
INSERT INTO public.pos VALUES (237, 169);
INSERT INTO public.pos VALUES (238, 170);
INSERT INTO public.pos VALUES (239, 171);
INSERT INTO public.pos VALUES (240, 172);
INSERT INTO public.pos VALUES (241, 174);
INSERT INTO public.pos VALUES (242, 175);
INSERT INTO public.pos VALUES (243, 196);
INSERT INTO public.pos VALUES (244, 200);
INSERT INTO public.pos VALUES (245, 202);
INSERT INTO public.pos VALUES (246, 208);
INSERT INTO public.pos VALUES (247, 216);
INSERT INTO public.pos VALUES (248, 220);
INSERT INTO public.pos VALUES (249, 241);
INSERT INTO public.pos VALUES (250, 266);
INSERT INTO public.pos VALUES (251, 277);
INSERT INTO public.pos VALUES (252, 336);
INSERT INTO public.pos VALUES (253, 347);
INSERT INTO public.pos VALUES (254, 348);
INSERT INTO public.pos VALUES (255, 358);
INSERT INTO public.pos VALUES (256, 376);
INSERT INTO public.pos VALUES (257, 378);
INSERT INTO public.pos VALUES (258, 389);
INSERT INTO public.pos VALUES (259, 410);
INSERT INTO public.pos VALUES (260, 412);
INSERT INTO public.pos VALUES (261, 324);
INSERT INTO public.pos VALUES (262, 149);
INSERT INTO public.pos VALUES (263, 207);
INSERT INTO public.pos VALUES (264, 215);
INSERT INTO public.pos VALUES (265, 236);
INSERT INTO public.pos VALUES (266, 253);
INSERT INTO public.pos VALUES (267, 264);
INSERT INTO public.pos VALUES (268, 267);
INSERT INTO public.pos VALUES (269, 268);
INSERT INTO public.pos VALUES (270, 270);
INSERT INTO public.pos VALUES (271, 271);
INSERT INTO public.pos VALUES (272, 303);
INSERT INTO public.pos VALUES (273, 305);
INSERT INTO public.pos VALUES (274, 327);
INSERT INTO public.pos VALUES (275, 353);
INSERT INTO public.pos VALUES (276, 357);
INSERT INTO public.pos VALUES (277, 359);
INSERT INTO public.pos VALUES (278, 379);
INSERT INTO public.pos VALUES (279, 383);
INSERT INTO public.pos VALUES (280, 390);
INSERT INTO public.pos VALUES (281, 400);
INSERT INTO public.pos VALUES (282, 408);
INSERT INTO public.pos VALUES (283, 411);
INSERT INTO public.pos VALUES (284, 414);
INSERT INTO public.pos VALUES (285, 117);
INSERT INTO public.pos VALUES (286, 141);
INSERT INTO public.pos VALUES (287, 143);
INSERT INTO public.pos VALUES (288, 163);
INSERT INTO public.pos VALUES (289, 173);
INSERT INTO public.pos VALUES (290, 177);
INSERT INTO public.pos VALUES (291, 181);
INSERT INTO public.pos VALUES (292, 201);
INSERT INTO public.pos VALUES (293, 420);
INSERT INTO public.pos VALUES (294, 209);
INSERT INTO public.pos VALUES (295, 213);
INSERT INTO public.pos VALUES (296, 221);
INSERT INTO public.pos VALUES (297, 232);
INSERT INTO public.pos VALUES (298, 245);
INSERT INTO public.pos VALUES (299, 247);
INSERT INTO public.pos VALUES (300, 278);
INSERT INTO public.pos VALUES (301, 297);
INSERT INTO public.pos VALUES (302, 321);
INSERT INTO public.pos VALUES (303, 325);
INSERT INTO public.pos VALUES (304, 333);
INSERT INTO public.pos VALUES (305, 417);
INSERT INTO public.pos VALUES (306, 419);
INSERT INTO public.pos VALUES (307, 131);


--
-- TOC entry 5610 (class 0 OID 22366)
-- Dependencies: 262
-- Data for Name: pos_histories; Type: TABLE DATA; Schema: public; Owner: -
--



--
-- TOC entry 5596 (class 0 OID 22312)
-- Dependencies: 248
-- Data for Name: roulette_results; Type: TABLE DATA; Schema: public; Owner: -
--

INSERT INTO public.roulette_results VALUES (8, 1, 56, '스타벅스 아메리카노', true);
INSERT INTO public.roulette_results VALUES (9, 1, 3, '스타벅스 아메리카노', true);


--
-- TOC entry 5332 (class 0 OID 21326)
-- Dependencies: 222
-- Data for Name: spatial_ref_sys; Type: TABLE DATA; Schema: public; Owner: -
--



--
-- TOC entry 5594 (class 0 OID 22304)
-- Dependencies: 246
-- Data for Name: stamps; Type: TABLE DATA; Schema: public; Owner: -
--

INSERT INTO public.stamps VALUES (5, 3, 1, '2025-07-24 16:39:14.971201', 'REQUIRE', '강서구청 팝업스토어');
INSERT INTO public.stamps VALUES (6, 3, 2, '2025-07-24 16:39:14.971201', 'GENERAL', 'GS25 화곡61길점');
INSERT INTO public.stamps VALUES (7, 3, 3, '2025-07-24 16:39:14.971201', 'GENERAL', '허니네커피');
INSERT INTO public.stamps VALUES (9, 3, 4, '2025-07-25 14:54:35.398769', 'GENERAL', 'GS THE FRESH 등촌역점');


--
-- TOC entry 5583 (class 0 OID 22261)
-- Dependencies: 235
-- Data for Name: store_owners; Type: TABLE DATA; Schema: public; Owner: -
--

INSERT INTO public.store_owners VALUES (1, 1, 'pos1_18f83ac4', 'pos1_18f83ac4');
INSERT INTO public.store_owners VALUES (2, 2, 'pos2_54e1393e', 'pos2_54e1393e');
INSERT INTO public.store_owners VALUES (3, 3, 'pos3_a3583542', 'pos3_a3583542');
INSERT INTO public.store_owners VALUES (4, 4, 'pos4_4d53f13c', 'pos4_4d53f13c');
INSERT INTO public.store_owners VALUES (5, 5, 'pos5_1d90c867', 'pos5_1d90c867');
INSERT INTO public.store_owners VALUES (6, 6, 'pos6_e86f240a', 'pos6_e86f240a');
INSERT INTO public.store_owners VALUES (7, 7, 'pos7_bd925009', 'pos7_bd925009');
INSERT INTO public.store_owners VALUES (8, 8, 'pos8_0dae135b', 'pos8_0dae135b');
INSERT INTO public.store_owners VALUES (9, 9, 'pos9_b4c1a5e8', 'pos9_b4c1a5e8');
INSERT INTO public.store_owners VALUES (10, 10, 'pos10_409a14bb', 'pos10_409a14bb');
INSERT INTO public.store_owners VALUES (11, 11, 'pos11_0ac2047d', 'pos11_0ac2047d');
INSERT INTO public.store_owners VALUES (12, 12, 'pos12_d01b7a63', 'pos12_d01b7a63');
INSERT INTO public.store_owners VALUES (13, 13, 'pos13_ec673283', 'pos13_ec673283');
INSERT INTO public.store_owners VALUES (14, 14, 'pos14_801bbdc9', 'pos14_801bbdc9');
INSERT INTO public.store_owners VALUES (15, 15, 'pos15_29efcbe9', 'pos15_29efcbe9');
INSERT INTO public.store_owners VALUES (16, 16, 'pos16_bc840804', 'pos16_bc840804');
INSERT INTO public.store_owners VALUES (17, 17, 'pos17_25fa9c2c', 'pos17_25fa9c2c');
INSERT INTO public.store_owners VALUES (18, 18, 'pos18_9b8c9f51', 'pos18_9b8c9f51');
INSERT INTO public.store_owners VALUES (19, 19, 'pos19_db9311dc', 'pos19_db9311dc');
INSERT INTO public.store_owners VALUES (20, 20, 'pos20_2f1ad6c9', 'pos20_2f1ad6c9');
INSERT INTO public.store_owners VALUES (21, 21, 'pos21_b357840a', 'pos21_b357840a');
INSERT INTO public.store_owners VALUES (22, 22, 'pos22_3f511a37', 'pos22_3f511a37');
INSERT INTO public.store_owners VALUES (23, 23, 'pos23_e6ec9ab9', 'pos23_e6ec9ab9');
INSERT INTO public.store_owners VALUES (24, 24, 'pos24_dec1ea58', 'pos24_dec1ea58');
INSERT INTO public.store_owners VALUES (25, 25, 'pos25_f9893f36', 'pos25_f9893f36');
INSERT INTO public.store_owners VALUES (26, 26, 'pos26_1dfe38f7', 'pos26_1dfe38f7');
INSERT INTO public.store_owners VALUES (27, 27, 'pos27_29af565a', 'pos27_29af565a');
INSERT INTO public.store_owners VALUES (28, 28, 'pos28_f08eece3', 'pos28_f08eece3');
INSERT INTO public.store_owners VALUES (29, 29, 'pos29_273661fe', 'pos29_273661fe');
INSERT INTO public.store_owners VALUES (30, 30, 'pos30_138eafa9', 'pos30_138eafa9');
INSERT INTO public.store_owners VALUES (31, 31, 'pos31_80ca89e9', 'pos31_80ca89e9');
INSERT INTO public.store_owners VALUES (32, 32, 'pos32_73e18287', 'pos32_73e18287');
INSERT INTO public.store_owners VALUES (33, 33, 'pos33_0e4f80f1', 'pos33_0e4f80f1');
INSERT INTO public.store_owners VALUES (34, 34, 'pos34_18e2c2c7', 'pos34_18e2c2c7');
INSERT INTO public.store_owners VALUES (35, 35, 'pos35_8bf1a5f2', 'pos35_8bf1a5f2');
INSERT INTO public.store_owners VALUES (36, 36, 'pos36_22845c7a', 'pos36_22845c7a');
INSERT INTO public.store_owners VALUES (37, 37, 'pos37_2b8722f0', 'pos37_2b8722f0');
INSERT INTO public.store_owners VALUES (38, 38, 'pos38_82fbdc7f', 'pos38_82fbdc7f');
INSERT INTO public.store_owners VALUES (39, 39, 'pos39_a1b2f4dd', 'pos39_a1b2f4dd');
INSERT INTO public.store_owners VALUES (40, 40, 'pos40_21377c6f', 'pos40_21377c6f');
INSERT INTO public.store_owners VALUES (41, 41, 'pos41_e5d90fd5', 'pos41_e5d90fd5');
INSERT INTO public.store_owners VALUES (42, 42, 'pos42_542fbb08', 'pos42_542fbb08');
INSERT INTO public.store_owners VALUES (43, 43, 'pos43_fced61e3', 'pos43_fced61e3');
INSERT INTO public.store_owners VALUES (44, 44, 'pos44_031ee479', 'pos44_031ee479');
INSERT INTO public.store_owners VALUES (45, 45, 'pos45_a3185519', 'pos45_a3185519');
INSERT INTO public.store_owners VALUES (46, 46, 'pos46_916d9024', 'pos46_916d9024');
INSERT INTO public.store_owners VALUES (47, 47, 'pos47_4bed4bd5', 'pos47_4bed4bd5');
INSERT INTO public.store_owners VALUES (48, 48, 'pos48_da819460', 'pos48_da819460');
INSERT INTO public.store_owners VALUES (49, 49, 'pos49_118087db', 'pos49_118087db');
INSERT INTO public.store_owners VALUES (50, 50, 'pos50_5cb32d1e', 'pos50_5cb32d1e');
INSERT INTO public.store_owners VALUES (51, 51, 'pos51_b20c218e', 'pos51_b20c218e');
INSERT INTO public.store_owners VALUES (52, 52, 'pos52_8a416aa3', 'pos52_8a416aa3');
INSERT INTO public.store_owners VALUES (53, 53, 'pos53_9a1c952c', 'pos53_9a1c952c');
INSERT INTO public.store_owners VALUES (54, 54, 'pos54_b955054c', 'pos54_b955054c');
INSERT INTO public.store_owners VALUES (55, 55, 'pos55_f2505f9a', 'pos55_f2505f9a');
INSERT INTO public.store_owners VALUES (56, 56, 'pos56_e8c67e72', 'pos56_e8c67e72');
INSERT INTO public.store_owners VALUES (57, 57, 'pos57_4a1ab9a8', 'pos57_4a1ab9a8');
INSERT INTO public.store_owners VALUES (58, 58, 'pos58_055b1c7a', 'pos58_055b1c7a');
INSERT INTO public.store_owners VALUES (59, 59, 'pos59_3026c78d', 'pos59_3026c78d');
INSERT INTO public.store_owners VALUES (60, 60, 'pos60_688b25e8', 'pos60_688b25e8');
INSERT INTO public.store_owners VALUES (61, 61, 'pos61_c5ba2236', 'pos61_c5ba2236');
INSERT INTO public.store_owners VALUES (62, 62, 'pos62_1e52264b', 'pos62_1e52264b');
INSERT INTO public.store_owners VALUES (63, 63, 'pos63_4f9ade2f', 'pos63_4f9ade2f');
INSERT INTO public.store_owners VALUES (64, 64, 'pos64_a67e7349', 'pos64_a67e7349');
INSERT INTO public.store_owners VALUES (65, 65, 'pos65_fce56ba0', 'pos65_fce56ba0');
INSERT INTO public.store_owners VALUES (66, 66, 'pos66_1488a650', 'pos66_1488a650');
INSERT INTO public.store_owners VALUES (67, 67, 'pos67_bad7a7c9', 'pos67_bad7a7c9');
INSERT INTO public.store_owners VALUES (68, 68, 'pos68_6cd4f692', 'pos68_6cd4f692');
INSERT INTO public.store_owners VALUES (69, 69, 'pos69_eb41e42e', 'pos69_eb41e42e');
INSERT INTO public.store_owners VALUES (70, 70, 'pos70_139f2433', 'pos70_139f2433');
INSERT INTO public.store_owners VALUES (71, 71, 'pos71_d7f0da62', 'pos71_d7f0da62');
INSERT INTO public.store_owners VALUES (72, 72, 'pos72_e36e8ce2', 'pos72_e36e8ce2');
INSERT INTO public.store_owners VALUES (73, 73, 'pos73_80218ee6', 'pos73_80218ee6');
INSERT INTO public.store_owners VALUES (74, 74, 'pos74_f69cb985', 'pos74_f69cb985');
INSERT INTO public.store_owners VALUES (75, 75, 'pos75_19ed5c5f', 'pos75_19ed5c5f');
INSERT INTO public.store_owners VALUES (76, 76, 'pos76_c1968a2c', 'pos76_c1968a2c');
INSERT INTO public.store_owners VALUES (77, 77, 'pos77_2fda1369', 'pos77_2fda1369');
INSERT INTO public.store_owners VALUES (78, 78, 'pos78_c7b4b70f', 'pos78_c7b4b70f');
INSERT INTO public.store_owners VALUES (79, 79, 'pos79_225c7a14', 'pos79_225c7a14');
INSERT INTO public.store_owners VALUES (80, 80, 'pos80_bc014bef', 'pos80_bc014bef');
INSERT INTO public.store_owners VALUES (81, 81, 'pos81_0020048a', 'pos81_0020048a');
INSERT INTO public.store_owners VALUES (82, 82, 'pos82_e37a354c', 'pos82_e37a354c');
INSERT INTO public.store_owners VALUES (83, 83, 'pos83_d85fbd6a', 'pos83_d85fbd6a');
INSERT INTO public.store_owners VALUES (84, 84, 'pos84_1f8b2c2d', 'pos84_1f8b2c2d');
INSERT INTO public.store_owners VALUES (85, 85, 'pos85_06c61330', 'pos85_06c61330');
INSERT INTO public.store_owners VALUES (86, 86, 'pos86_b5058686', 'pos86_b5058686');
INSERT INTO public.store_owners VALUES (87, 87, 'pos87_58d66953', 'pos87_58d66953');
INSERT INTO public.store_owners VALUES (88, 88, 'pos88_6afb857f', 'pos88_6afb857f');
INSERT INTO public.store_owners VALUES (89, 89, 'pos89_4da96292', 'pos89_4da96292');
INSERT INTO public.store_owners VALUES (90, 90, 'pos90_28aae914', 'pos90_28aae914');
INSERT INTO public.store_owners VALUES (91, 91, 'pos91_86ebcb4b', 'pos91_86ebcb4b');
INSERT INTO public.store_owners VALUES (92, 92, 'pos92_ed292c82', 'pos92_ed292c82');
INSERT INTO public.store_owners VALUES (93, 93, 'pos93_7de15d18', 'pos93_7de15d18');
INSERT INTO public.store_owners VALUES (94, 94, 'pos94_eb4a63fa', 'pos94_eb4a63fa');
INSERT INTO public.store_owners VALUES (95, 95, 'pos95_51664afd', 'pos95_51664afd');
INSERT INTO public.store_owners VALUES (96, 96, 'pos96_f284bc89', 'pos96_f284bc89');
INSERT INTO public.store_owners VALUES (97, 97, 'pos97_7900b400', 'pos97_7900b400');
INSERT INTO public.store_owners VALUES (98, 98, 'pos98_0e87fb69', 'pos98_0e87fb69');
INSERT INTO public.store_owners VALUES (99, 99, 'pos99_8ac38fc8', 'pos99_8ac38fc8');
INSERT INTO public.store_owners VALUES (100, 100, 'pos100_d528988b', 'pos100_d528988b');
INSERT INTO public.store_owners VALUES (101, 101, 'pos101_0cbd23b6', 'pos101_0cbd23b6');
INSERT INTO public.store_owners VALUES (102, 102, 'pos102_c28016a5', 'pos102_c28016a5');
INSERT INTO public.store_owners VALUES (103, 103, 'pos103_69af086b', 'pos103_69af086b');
INSERT INTO public.store_owners VALUES (104, 104, 'pos104_4218bd62', 'pos104_4218bd62');
INSERT INTO public.store_owners VALUES (105, 105, 'pos105_3f071f26', 'pos105_3f071f26');
INSERT INTO public.store_owners VALUES (106, 106, 'pos106_23b79e80', 'pos106_23b79e80');
INSERT INTO public.store_owners VALUES (107, 107, 'pos107_c00ee9c2', 'pos107_c00ee9c2');
INSERT INTO public.store_owners VALUES (108, 108, 'pos108_2666cecf', 'pos108_2666cecf');
INSERT INTO public.store_owners VALUES (109, 109, 'pos109_106a8871', 'pos109_106a8871');
INSERT INTO public.store_owners VALUES (110, 110, 'pos110_3363b715', 'pos110_3363b715');
INSERT INTO public.store_owners VALUES (111, 111, 'pos111_72537da0', 'pos111_72537da0');
INSERT INTO public.store_owners VALUES (112, 112, 'pos112_c98667c1', 'pos112_c98667c1');
INSERT INTO public.store_owners VALUES (113, 113, 'pos113_778defa6', 'pos113_778defa6');
INSERT INTO public.store_owners VALUES (114, 114, 'pos114_a9393b64', 'pos114_a9393b64');
INSERT INTO public.store_owners VALUES (115, 115, 'pos115_af739636', 'pos115_af739636');
INSERT INTO public.store_owners VALUES (116, 116, 'pos116_014e3d68', 'pos116_014e3d68');
INSERT INTO public.store_owners VALUES (117, 117, 'pos117_ed1e3ea4', 'pos117_ed1e3ea4');
INSERT INTO public.store_owners VALUES (118, 118, 'pos118_4c349fca', 'pos118_4c349fca');
INSERT INTO public.store_owners VALUES (119, 119, 'pos119_771f91f0', 'pos119_771f91f0');
INSERT INTO public.store_owners VALUES (120, 120, 'pos120_a30104fb', 'pos120_a30104fb');
INSERT INTO public.store_owners VALUES (121, 121, 'pos121_a8b1efcf', 'pos121_a8b1efcf');
INSERT INTO public.store_owners VALUES (122, 122, 'pos122_f059978c', 'pos122_f059978c');
INSERT INTO public.store_owners VALUES (123, 123, 'pos123_49d97c1d', 'pos123_49d97c1d');
INSERT INTO public.store_owners VALUES (124, 124, 'pos124_ec06e774', 'pos124_ec06e774');
INSERT INTO public.store_owners VALUES (125, 125, 'pos125_4f643c94', 'pos125_4f643c94');
INSERT INTO public.store_owners VALUES (126, 126, 'pos126_95848e4c', 'pos126_95848e4c');
INSERT INTO public.store_owners VALUES (127, 127, 'pos127_946f3f71', 'pos127_946f3f71');
INSERT INTO public.store_owners VALUES (128, 128, 'pos128_7c909c79', 'pos128_7c909c79');
INSERT INTO public.store_owners VALUES (129, 129, 'pos129_6b090478', 'pos129_6b090478');
INSERT INTO public.store_owners VALUES (130, 130, 'pos130_d93fefbe', 'pos130_d93fefbe');
INSERT INTO public.store_owners VALUES (131, 131, 'pos131_2a7d39a1', 'pos131_2a7d39a1');
INSERT INTO public.store_owners VALUES (132, 132, 'pos132_05394c8b', 'pos132_05394c8b');
INSERT INTO public.store_owners VALUES (133, 133, 'pos133_6f22990b', 'pos133_6f22990b');
INSERT INTO public.store_owners VALUES (134, 134, 'pos134_5e4fbc9c', 'pos134_5e4fbc9c');
INSERT INTO public.store_owners VALUES (135, 135, 'pos135_b004cef8', 'pos135_b004cef8');
INSERT INTO public.store_owners VALUES (136, 136, 'pos136_ad98d165', 'pos136_ad98d165');
INSERT INTO public.store_owners VALUES (137, 137, 'pos137_59b3755e', 'pos137_59b3755e');
INSERT INTO public.store_owners VALUES (138, 138, 'pos138_ba3f3b71', 'pos138_ba3f3b71');
INSERT INTO public.store_owners VALUES (139, 139, 'pos139_4abfa4eb', 'pos139_4abfa4eb');
INSERT INTO public.store_owners VALUES (140, 140, 'pos140_773ca6c4', 'pos140_773ca6c4');
INSERT INTO public.store_owners VALUES (141, 141, 'pos141_d36a110b', 'pos141_d36a110b');
INSERT INTO public.store_owners VALUES (142, 142, 'pos142_a40bda1c', 'pos142_a40bda1c');
INSERT INTO public.store_owners VALUES (143, 143, 'pos143_40a590dc', 'pos143_40a590dc');
INSERT INTO public.store_owners VALUES (144, 144, 'pos144_e4056a97', 'pos144_e4056a97');
INSERT INTO public.store_owners VALUES (145, 145, 'pos145_124eeba2', 'pos145_124eeba2');
INSERT INTO public.store_owners VALUES (146, 146, 'pos146_845cf6e3', 'pos146_845cf6e3');
INSERT INTO public.store_owners VALUES (147, 147, 'pos147_19b2e29d', 'pos147_19b2e29d');
INSERT INTO public.store_owners VALUES (148, 148, 'pos148_a80f2e3e', 'pos148_a80f2e3e');
INSERT INTO public.store_owners VALUES (149, 149, 'pos149_2797b5d9', 'pos149_2797b5d9');
INSERT INTO public.store_owners VALUES (150, 150, 'pos150_e3d65854', 'pos150_e3d65854');
INSERT INTO public.store_owners VALUES (151, 151, 'pos151_487cd736', 'pos151_487cd736');
INSERT INTO public.store_owners VALUES (152, 152, 'pos152_e1610bfa', 'pos152_e1610bfa');
INSERT INTO public.store_owners VALUES (153, 153, 'pos153_bd70dc0a', 'pos153_bd70dc0a');
INSERT INTO public.store_owners VALUES (154, 154, 'pos154_a84034d4', 'pos154_a84034d4');
INSERT INTO public.store_owners VALUES (155, 155, 'pos155_25ae6221', 'pos155_25ae6221');
INSERT INTO public.store_owners VALUES (156, 156, 'pos156_ac59ef35', 'pos156_ac59ef35');
INSERT INTO public.store_owners VALUES (157, 157, 'pos157_2c93aef3', 'pos157_2c93aef3');
INSERT INTO public.store_owners VALUES (158, 158, 'pos158_4b10a7d9', 'pos158_4b10a7d9');
INSERT INTO public.store_owners VALUES (159, 159, 'pos159_be8e4ea6', 'pos159_be8e4ea6');
INSERT INTO public.store_owners VALUES (160, 160, 'pos160_39961333', 'pos160_39961333');
INSERT INTO public.store_owners VALUES (161, 161, 'pos161_722a9246', 'pos161_722a9246');
INSERT INTO public.store_owners VALUES (162, 162, 'pos162_e8b34b2e', 'pos162_e8b34b2e');
INSERT INTO public.store_owners VALUES (163, 163, 'pos163_b0f59115', 'pos163_b0f59115');
INSERT INTO public.store_owners VALUES (164, 164, 'pos164_94d03ba5', 'pos164_94d03ba5');
INSERT INTO public.store_owners VALUES (165, 165, 'pos165_3be23cad', 'pos165_3be23cad');
INSERT INTO public.store_owners VALUES (166, 166, 'pos166_c086f3e1', 'pos166_c086f3e1');
INSERT INTO public.store_owners VALUES (167, 167, 'pos167_012323cf', 'pos167_012323cf');
INSERT INTO public.store_owners VALUES (168, 168, 'pos168_c30b5c55', 'pos168_c30b5c55');
INSERT INTO public.store_owners VALUES (169, 169, 'pos169_8f7c502a', 'pos169_8f7c502a');
INSERT INTO public.store_owners VALUES (170, 170, 'pos170_b0fd0a24', 'pos170_b0fd0a24');
INSERT INTO public.store_owners VALUES (171, 171, 'pos171_e346a576', 'pos171_e346a576');
INSERT INTO public.store_owners VALUES (172, 172, 'pos172_ab9fc749', 'pos172_ab9fc749');
INSERT INTO public.store_owners VALUES (173, 173, 'pos173_0c9c0fe0', 'pos173_0c9c0fe0');
INSERT INTO public.store_owners VALUES (174, 174, 'pos174_62ce3988', 'pos174_62ce3988');
INSERT INTO public.store_owners VALUES (175, 175, 'pos175_e0a89b6e', 'pos175_e0a89b6e');
INSERT INTO public.store_owners VALUES (176, 176, 'pos176_7a9f8c7f', 'pos176_7a9f8c7f');
INSERT INTO public.store_owners VALUES (177, 177, 'pos177_496e7b30', 'pos177_496e7b30');
INSERT INTO public.store_owners VALUES (178, 178, 'pos178_0cdb44fa', 'pos178_0cdb44fa');
INSERT INTO public.store_owners VALUES (179, 179, 'pos179_4e434fe8', 'pos179_4e434fe8');
INSERT INTO public.store_owners VALUES (180, 180, 'pos180_e5e12859', 'pos180_e5e12859');
INSERT INTO public.store_owners VALUES (181, 181, 'pos181_bdd26606', 'pos181_bdd26606');
INSERT INTO public.store_owners VALUES (182, 182, 'pos182_16f1066f', 'pos182_16f1066f');
INSERT INTO public.store_owners VALUES (183, 183, 'pos183_48b5ad80', 'pos183_48b5ad80');
INSERT INTO public.store_owners VALUES (184, 184, 'pos184_9136ec3f', 'pos184_9136ec3f');
INSERT INTO public.store_owners VALUES (185, 185, 'pos185_6078df68', 'pos185_6078df68');
INSERT INTO public.store_owners VALUES (186, 186, 'pos186_f477c7a7', 'pos186_f477c7a7');
INSERT INTO public.store_owners VALUES (187, 187, 'pos187_8c53c648', 'pos187_8c53c648');
INSERT INTO public.store_owners VALUES (188, 188, 'pos188_a02b347b', 'pos188_a02b347b');
INSERT INTO public.store_owners VALUES (189, 189, 'pos189_a4a1b930', 'pos189_a4a1b930');
INSERT INTO public.store_owners VALUES (190, 190, 'pos190_2296fc5e', 'pos190_2296fc5e');
INSERT INTO public.store_owners VALUES (191, 191, 'pos191_2a7856c2', 'pos191_2a7856c2');
INSERT INTO public.store_owners VALUES (192, 192, 'pos192_8c0d806d', 'pos192_8c0d806d');
INSERT INTO public.store_owners VALUES (193, 193, 'pos193_2a8bd82b', 'pos193_2a8bd82b');
INSERT INTO public.store_owners VALUES (194, 194, 'pos194_906d5c56', 'pos194_906d5c56');
INSERT INTO public.store_owners VALUES (195, 195, 'pos195_3b87b5eb', 'pos195_3b87b5eb');
INSERT INTO public.store_owners VALUES (196, 196, 'pos196_e82f94c6', 'pos196_e82f94c6');
INSERT INTO public.store_owners VALUES (197, 197, 'pos197_68fbaa87', 'pos197_68fbaa87');
INSERT INTO public.store_owners VALUES (198, 198, 'pos198_7f423cd0', 'pos198_7f423cd0');
INSERT INTO public.store_owners VALUES (199, 199, 'pos199_d36c7831', 'pos199_d36c7831');
INSERT INTO public.store_owners VALUES (200, 200, 'pos200_ccfaa3af', 'pos200_ccfaa3af');
INSERT INTO public.store_owners VALUES (201, 201, 'pos201_1abf49ea', 'pos201_1abf49ea');
INSERT INTO public.store_owners VALUES (202, 202, 'pos202_73838dfb', 'pos202_73838dfb');
INSERT INTO public.store_owners VALUES (203, 203, 'pos203_7fc80c47', 'pos203_7fc80c47');
INSERT INTO public.store_owners VALUES (204, 204, 'pos204_7b56af0a', 'pos204_7b56af0a');
INSERT INTO public.store_owners VALUES (205, 205, 'pos205_b56e95cd', 'pos205_b56e95cd');
INSERT INTO public.store_owners VALUES (206, 206, 'pos206_e3ddd7df', 'pos206_e3ddd7df');
INSERT INTO public.store_owners VALUES (207, 207, 'pos207_8876d704', 'pos207_8876d704');
INSERT INTO public.store_owners VALUES (208, 208, 'pos208_adc53bae', 'pos208_adc53bae');
INSERT INTO public.store_owners VALUES (209, 209, 'pos209_e8799014', 'pos209_e8799014');
INSERT INTO public.store_owners VALUES (210, 210, 'pos210_54b0431b', 'pos210_54b0431b');
INSERT INTO public.store_owners VALUES (211, 211, 'pos211_7086dd13', 'pos211_7086dd13');
INSERT INTO public.store_owners VALUES (212, 212, 'pos212_4cd27b20', 'pos212_4cd27b20');
INSERT INTO public.store_owners VALUES (213, 213, 'pos213_225e2076', 'pos213_225e2076');
INSERT INTO public.store_owners VALUES (214, 214, 'pos214_cf2a0662', 'pos214_cf2a0662');
INSERT INTO public.store_owners VALUES (215, 215, 'pos215_dc6633eb', 'pos215_dc6633eb');
INSERT INTO public.store_owners VALUES (216, 216, 'pos216_cd025e48', 'pos216_cd025e48');
INSERT INTO public.store_owners VALUES (217, 217, 'pos217_fe73d21a', 'pos217_fe73d21a');
INSERT INTO public.store_owners VALUES (218, 218, 'pos218_54189ab9', 'pos218_54189ab9');
INSERT INTO public.store_owners VALUES (219, 219, 'pos219_383ca7bd', 'pos219_383ca7bd');
INSERT INTO public.store_owners VALUES (220, 220, 'pos220_34bc4472', 'pos220_34bc4472');
INSERT INTO public.store_owners VALUES (221, 221, 'pos221_f7dcf611', 'pos221_f7dcf611');
INSERT INTO public.store_owners VALUES (222, 222, 'pos222_55154f5e', 'pos222_55154f5e');
INSERT INTO public.store_owners VALUES (223, 223, 'pos223_579c358a', 'pos223_579c358a');
INSERT INTO public.store_owners VALUES (224, 224, 'pos224_51bf0c42', 'pos224_51bf0c42');
INSERT INTO public.store_owners VALUES (225, 225, 'pos225_c9d5b0dd', 'pos225_c9d5b0dd');
INSERT INTO public.store_owners VALUES (226, 226, 'pos226_8ba13a1d', 'pos226_8ba13a1d');
INSERT INTO public.store_owners VALUES (227, 227, 'pos227_c3302fa8', 'pos227_c3302fa8');
INSERT INTO public.store_owners VALUES (228, 228, 'pos228_9354f7dd', 'pos228_9354f7dd');
INSERT INTO public.store_owners VALUES (229, 229, 'pos229_b0a47fe0', 'pos229_b0a47fe0');
INSERT INTO public.store_owners VALUES (230, 230, 'pos230_68537fb8', 'pos230_68537fb8');
INSERT INTO public.store_owners VALUES (231, 231, 'pos231_e3347f11', 'pos231_e3347f11');
INSERT INTO public.store_owners VALUES (232, 232, 'pos232_c695e897', 'pos232_c695e897');
INSERT INTO public.store_owners VALUES (233, 233, 'pos233_fa574e60', 'pos233_fa574e60');
INSERT INTO public.store_owners VALUES (234, 234, 'pos234_5e4e61da', 'pos234_5e4e61da');
INSERT INTO public.store_owners VALUES (235, 235, 'pos235_a05e9998', 'pos235_a05e9998');
INSERT INTO public.store_owners VALUES (236, 236, 'pos236_539616b0', 'pos236_539616b0');
INSERT INTO public.store_owners VALUES (237, 237, 'pos237_e229ff3b', 'pos237_e229ff3b');
INSERT INTO public.store_owners VALUES (238, 238, 'pos238_05b5a767', 'pos238_05b5a767');
INSERT INTO public.store_owners VALUES (239, 239, 'pos239_a3a58eb7', 'pos239_a3a58eb7');
INSERT INTO public.store_owners VALUES (240, 240, 'pos240_64c55181', 'pos240_64c55181');
INSERT INTO public.store_owners VALUES (241, 241, 'pos241_995e5739', 'pos241_995e5739');
INSERT INTO public.store_owners VALUES (242, 242, 'pos242_e6bdc8a3', 'pos242_e6bdc8a3');
INSERT INTO public.store_owners VALUES (243, 243, 'pos243_4b8977bb', 'pos243_4b8977bb');
INSERT INTO public.store_owners VALUES (244, 244, 'pos244_5b822594', 'pos244_5b822594');
INSERT INTO public.store_owners VALUES (245, 245, 'pos245_90d59875', 'pos245_90d59875');
INSERT INTO public.store_owners VALUES (246, 246, 'pos246_c7436242', 'pos246_c7436242');
INSERT INTO public.store_owners VALUES (247, 247, 'pos247_c639a757', 'pos247_c639a757');
INSERT INTO public.store_owners VALUES (248, 248, 'pos248_3d93a3ea', 'pos248_3d93a3ea');
INSERT INTO public.store_owners VALUES (249, 249, 'pos249_c5fd55d3', 'pos249_c5fd55d3');
INSERT INTO public.store_owners VALUES (250, 250, 'pos250_890e4185', 'pos250_890e4185');
INSERT INTO public.store_owners VALUES (251, 251, 'pos251_075df049', 'pos251_075df049');
INSERT INTO public.store_owners VALUES (252, 252, 'pos252_fd1858d9', 'pos252_fd1858d9');
INSERT INTO public.store_owners VALUES (253, 253, 'pos253_c7b58972', 'pos253_c7b58972');
INSERT INTO public.store_owners VALUES (254, 254, 'pos254_01ae5739', 'pos254_01ae5739');
INSERT INTO public.store_owners VALUES (255, 255, 'pos255_b87f2bad', 'pos255_b87f2bad');
INSERT INTO public.store_owners VALUES (256, 256, 'pos256_fd7c15ff', 'pos256_fd7c15ff');
INSERT INTO public.store_owners VALUES (257, 257, 'pos257_0852adc0', 'pos257_0852adc0');
INSERT INTO public.store_owners VALUES (258, 258, 'pos258_a2e4d961', 'pos258_a2e4d961');
INSERT INTO public.store_owners VALUES (259, 259, 'pos259_ad9cb218', 'pos259_ad9cb218');
INSERT INTO public.store_owners VALUES (260, 260, 'pos260_378c128f', 'pos260_378c128f');
INSERT INTO public.store_owners VALUES (261, 261, 'pos261_e9038d8d', 'pos261_e9038d8d');
INSERT INTO public.store_owners VALUES (262, 262, 'pos262_b06f9834', 'pos262_b06f9834');
INSERT INTO public.store_owners VALUES (263, 263, 'pos263_067917d8', 'pos263_067917d8');
INSERT INTO public.store_owners VALUES (264, 264, 'pos264_b814c6c0', 'pos264_b814c6c0');
INSERT INTO public.store_owners VALUES (265, 265, 'pos265_a5c64bcc', 'pos265_a5c64bcc');
INSERT INTO public.store_owners VALUES (266, 266, 'pos266_b56925e7', 'pos266_b56925e7');
INSERT INTO public.store_owners VALUES (267, 267, 'pos267_ee94f923', 'pos267_ee94f923');
INSERT INTO public.store_owners VALUES (268, 268, 'pos268_d0cd1128', 'pos268_d0cd1128');
INSERT INTO public.store_owners VALUES (269, 269, 'pos269_3bd5dd37', 'pos269_3bd5dd37');
INSERT INTO public.store_owners VALUES (270, 270, 'pos270_a8aefb1a', 'pos270_a8aefb1a');
INSERT INTO public.store_owners VALUES (271, 271, 'pos271_b19ab95c', 'pos271_b19ab95c');
INSERT INTO public.store_owners VALUES (272, 272, 'pos272_3bbcfee4', 'pos272_3bbcfee4');
INSERT INTO public.store_owners VALUES (273, 273, 'pos273_53f5d811', 'pos273_53f5d811');
INSERT INTO public.store_owners VALUES (274, 274, 'pos274_68205a03', 'pos274_68205a03');
INSERT INTO public.store_owners VALUES (275, 275, 'pos275_2f4479bc', 'pos275_2f4479bc');
INSERT INTO public.store_owners VALUES (276, 276, 'pos276_ea1d84d0', 'pos276_ea1d84d0');
INSERT INTO public.store_owners VALUES (277, 277, 'pos277_0a95db11', 'pos277_0a95db11');
INSERT INTO public.store_owners VALUES (278, 278, 'pos278_422da6d0', 'pos278_422da6d0');
INSERT INTO public.store_owners VALUES (279, 279, 'pos279_cd9aecb1', 'pos279_cd9aecb1');
INSERT INTO public.store_owners VALUES (280, 280, 'pos280_68fb273e', 'pos280_68fb273e');
INSERT INTO public.store_owners VALUES (281, 281, 'pos281_e477f302', 'pos281_e477f302');
INSERT INTO public.store_owners VALUES (282, 282, 'pos282_b2a8fb02', 'pos282_b2a8fb02');
INSERT INTO public.store_owners VALUES (283, 283, 'pos283_740abc96', 'pos283_740abc96');
INSERT INTO public.store_owners VALUES (284, 284, 'pos284_f834fe3d', 'pos284_f834fe3d');
INSERT INTO public.store_owners VALUES (285, 285, 'pos285_4c6af63f', 'pos285_4c6af63f');
INSERT INTO public.store_owners VALUES (286, 286, 'pos286_4904e0ba', 'pos286_4904e0ba');
INSERT INTO public.store_owners VALUES (287, 287, 'pos287_513de97d', 'pos287_513de97d');
INSERT INTO public.store_owners VALUES (288, 288, 'pos288_f4eb7b61', 'pos288_f4eb7b61');
INSERT INTO public.store_owners VALUES (289, 289, 'pos289_8b5c5d14', 'pos289_8b5c5d14');
INSERT INTO public.store_owners VALUES (290, 290, 'pos290_7f02ab9b', 'pos290_7f02ab9b');
INSERT INTO public.store_owners VALUES (291, 291, 'pos291_000106dc', 'pos291_000106dc');
INSERT INTO public.store_owners VALUES (292, 292, 'pos292_b0b01e54', 'pos292_b0b01e54');
INSERT INTO public.store_owners VALUES (293, 293, 'pos293_8fb6199c', 'pos293_8fb6199c');
INSERT INTO public.store_owners VALUES (294, 294, 'pos294_d34719eb', 'pos294_d34719eb');
INSERT INTO public.store_owners VALUES (295, 295, 'pos295_4f4105ab', 'pos295_4f4105ab');
INSERT INTO public.store_owners VALUES (296, 296, 'pos296_e50c6a79', 'pos296_e50c6a79');
INSERT INTO public.store_owners VALUES (297, 297, 'pos297_2d602082', 'pos297_2d602082');
INSERT INTO public.store_owners VALUES (298, 298, 'pos298_1cf90b75', 'pos298_1cf90b75');
INSERT INTO public.store_owners VALUES (299, 299, 'pos299_5e2b792e', 'pos299_5e2b792e');
INSERT INTO public.store_owners VALUES (300, 300, 'pos300_2904ea96', 'pos300_2904ea96');
INSERT INTO public.store_owners VALUES (301, 301, 'pos301_a0a8dd64', 'pos301_a0a8dd64');
INSERT INTO public.store_owners VALUES (302, 302, 'pos302_62789830', 'pos302_62789830');
INSERT INTO public.store_owners VALUES (303, 303, 'pos303_d5e32ece', 'pos303_d5e32ece');
INSERT INTO public.store_owners VALUES (304, 304, 'pos304_3d830e1d', 'pos304_3d830e1d');
INSERT INTO public.store_owners VALUES (305, 305, 'pos305_ec9cd534', 'pos305_ec9cd534');
INSERT INTO public.store_owners VALUES (306, 306, 'pos306_6636b7bf', 'pos306_6636b7bf');
INSERT INTO public.store_owners VALUES (307, 307, 'pos307_27a01188', 'pos307_27a01188');


--
-- TOC entry 5589 (class 0 OID 22285)
-- Dependencies: 241
-- Data for Name: unear_events; Type: TABLE DATA; Schema: public; Owner: -
--

INSERT INTO public.unear_events VALUES (1, NULL, '강서 팝업 이벤트', '강서 팝업 매장 + 제휴처 할인 행사', 37.5511119, 126.8493014, 1000, '2025-08-01', '2025-08-31', NULL);


--
-- TOC entry 5618 (class 0 OID 25936)
-- Dependencies: 270
-- Data for Name: user_action_logs; Type: TABLE DATA; Schema: public; Owner: -
--

INSERT INTO public.user_action_logs VALUES (133, 3, 'FAVORITE_ON', '2025-07-27 21:59:20.824', 'mapPage', 'category:BEAUTY');
INSERT INTO public.user_action_logs VALUES (134, 3, 'FAVORITE_ON', '2025-07-27 21:59:20.839', 'mapPage', 'benefit:무료 서비스');
INSERT INTO public.user_action_logs VALUES (135, 3, 'FAVORITE_ON', '2025-07-27 21:59:52.676', 'mapPage', 'category:BEAUTY');
INSERT INTO public.user_action_logs VALUES (136, 3, 'FAVORITE_ON', '2025-07-27 21:59:52.682', 'mapPage', 'benefit:무료 서비스');
INSERT INTO public.user_action_logs VALUES (25, 3, 'BENEFIT_DETAIL', '2025-07-27 15:18:12.193', 'benefitPage', 'franchiseName:CGV');
INSERT INTO public.user_action_logs VALUES (26, 3, 'BENEFIT_DETAIL', '2025-07-27 15:18:13.923', 'benefitPage', 'franchiseName:CGV');
INSERT INTO public.user_action_logs VALUES (27, 3, 'BENEFIT_DETAIL', '2025-07-27 15:18:15.283', 'benefitPage', 'franchiseName:맥도날드');
INSERT INTO public.user_action_logs VALUES (28, 3, 'BENEFIT_DETAIL', '2025-07-27 15:18:16.857', 'benefitPage', 'franchiseName:맥도날드');
INSERT INTO public.user_action_logs VALUES (29, 3, 'BENEFIT_DETAIL', '2025-07-27 15:18:18.514', 'benefitPage', 'franchiseName:GS THE FRESH');
INSERT INTO public.user_action_logs VALUES (56, 54, 'BENEFIT_DETAIL', '2025-07-27 12:21:45.811422', 'benefitPage', 'franchiseName:피자헛');
INSERT INTO public.user_action_logs VALUES (37, 3, 'BENEFIT_DETAIL', '2025-07-27 15:24:14.058', 'benefitPage', 'franchiseName:유가네닭갈비');
INSERT INTO public.user_action_logs VALUES (38, 3, 'BENEFIT_DETAIL', '2025-07-27 15:24:18.635', 'benefitPage', 'franchiseName:CGV');
INSERT INTO public.user_action_logs VALUES (39, 3, 'BENEFIT_DETAIL', '2025-07-27 15:24:19.843', 'benefitPage', 'franchiseName:CGV');
INSERT INTO public.user_action_logs VALUES (40, 42, 'BENEFIT_DETAIL', '2025-07-27 15:25:57.96', 'benefitPage', 'franchiseName:CGV');
INSERT INTO public.user_action_logs VALUES (41, 42, 'BENEFIT_DETAIL', '2025-07-27 15:25:59.175', 'benefitPage', 'franchiseName:CGV');
INSERT INTO public.user_action_logs VALUES (42, 3, 'BENEFIT_DETAIL', '2025-07-27 15:27:13.585', 'benefitPage', 'franchiseName:CGV');
INSERT INTO public.user_action_logs VALUES (43, 3, 'BENEFIT_CATEGORY', '2025-07-27 20:10:11.217', 'benefitPage', 'category:BAKERY');
INSERT INTO public.user_action_logs VALUES (44, 3, 'BENEFIT_KEYWORD', '2025-07-27 20:10:39.95', 'benefitPage', 'keyword:GS');
INSERT INTO public.user_action_logs VALUES (45, 3, 'BENEFIT_KEYWORD', '2025-07-27 20:11:44.887', 'benefitPage', 'keyword:cgv');
INSERT INTO public.user_action_logs VALUES (46, 3, 'BENEFIT_KEYWORD', '2025-07-27 20:12:03.61', 'benefitPage', 'keyword:CGV');
INSERT INTO public.user_action_logs VALUES (47, 3, 'BENEFIT_KEYWORD', '2025-07-27 20:12:07.77', 'benefitPage', 'keyword:gs');
INSERT INTO public.user_action_logs VALUES (48, 3, 'BENEFIT_KEYWORD', '2025-07-27 20:12:14.629', 'benefitPage', 'keyword:cu');
INSERT INTO public.user_action_logs VALUES (49, 42, 'BENEFIT_DETAIL', '2025-07-27 19:21:45.811422', 'benefitPage', 'franchiseName:CGV');
INSERT INTO public.user_action_logs VALUES (50, 43, 'BENEFIT_DETAIL', '2025-07-27 18:21:45.811422', 'benefitPage', 'franchiseName:메가박스');
INSERT INTO public.user_action_logs VALUES (51, 13, 'BENEFIT_DETAIL', '2025-07-27 17:21:45.811422', 'benefitPage', 'franchiseName:굽네치킨');
INSERT INTO public.user_action_logs VALUES (52, 8, 'BENEFIT_DETAIL', '2025-07-27 16:21:45.811422', 'benefitPage', 'franchiseName:CU');
INSERT INTO public.user_action_logs VALUES (53, 9, 'BENEFIT_DETAIL', '2025-07-27 15:21:45.811422', 'benefitPage', 'franchiseName:맥도날드');
INSERT INTO public.user_action_logs VALUES (54, 10, 'BENEFIT_DETAIL', '2025-07-27 14:21:45.811422', 'benefitPage', 'franchiseName:도미노피자');
INSERT INTO public.user_action_logs VALUES (55, 3, 'BENEFIT_DETAIL', '2025-07-27 13:21:45.811422', 'benefitPage', 'franchiseName:미스터피자');
INSERT INTO public.user_action_logs VALUES (57, 55, 'BENEFIT_DETAIL', '2025-07-27 11:21:45.811422', 'benefitPage', 'franchiseName:브레댄코');
INSERT INTO public.user_action_logs VALUES (58, 56, 'BENEFIT_DETAIL', '2025-07-27 10:21:45.811422', 'benefitPage', 'franchiseName:파리바게뜨');
INSERT INTO public.user_action_logs VALUES (59, 57, 'BENEFIT_DETAIL', '2025-07-27 09:21:45.811422', 'benefitPage', 'franchiseName:서울드래곤시티');
INSERT INTO public.user_action_logs VALUES (60, 42, 'BENEFIT_DETAIL', '2025-07-27 08:21:45.811422', 'benefitPage', 'franchiseName:VIPS');
INSERT INTO public.user_action_logs VALUES (61, 43, 'BENEFIT_DETAIL', '2025-07-27 07:21:45.811422', 'benefitPage', 'franchiseName:더플레이스');
INSERT INTO public.user_action_logs VALUES (62, 13, 'BENEFIT_DETAIL', '2025-07-27 06:21:45.811422', 'benefitPage', 'franchiseName:뚜레쥬르');
INSERT INTO public.user_action_logs VALUES (63, 8, 'BENEFIT_DETAIL', '2025-07-27 05:21:45.811422', 'benefitPage', 'franchiseName:GS 25');
INSERT INTO public.user_action_logs VALUES (64, 9, 'BENEFIT_DETAIL', '2025-07-27 04:21:45.811422', 'benefitPage', 'franchiseName:GS THE FRESH');
INSERT INTO public.user_action_logs VALUES (65, 10, 'BENEFIT_DETAIL', '2025-07-27 03:21:45.811422', 'benefitPage', 'franchiseName:그라운드시소');
INSERT INTO public.user_action_logs VALUES (66, 3, 'BENEFIT_DETAIL', '2025-07-27 02:21:45.811422', 'benefitPage', 'franchiseName:싱카이');
INSERT INTO public.user_action_logs VALUES (67, 54, 'BENEFIT_DETAIL', '2025-07-27 01:21:45.811422', 'benefitPage', 'franchiseName:파리크라상');
INSERT INTO public.user_action_logs VALUES (68, 55, 'BENEFIT_DETAIL', '2025-07-27 00:21:45.811422', 'benefitPage', 'franchiseName:아쿠아플라넷');
INSERT INTO public.user_action_logs VALUES (69, 56, 'BENEFIT_DETAIL', '2025-07-26 23:21:45.811422', 'benefitPage', 'franchiseName:라그릴리아');
INSERT INTO public.user_action_logs VALUES (70, 57, 'BENEFIT_DETAIL', '2025-07-26 22:21:45.811422', 'benefitPage', 'franchiseName:푸드엠파이어');
INSERT INTO public.user_action_logs VALUES (71, 42, 'BENEFIT_DETAIL', '2025-07-26 21:21:45.811422', 'benefitPage', 'franchiseName:유가네닭갈비');
INSERT INTO public.user_action_logs VALUES (72, 43, 'BENEFIT_DETAIL', '2025-07-27 19:51:45.811422', 'benefitPage', 'franchiseName:롯데시네마');
INSERT INTO public.user_action_logs VALUES (73, 13, 'BENEFIT_DETAIL', '2025-07-27 19:36:45.811422', 'benefitPage', 'franchiseName:유앤아이피부과의원');
INSERT INTO public.user_action_logs VALUES (74, 8, 'BENEFIT_DETAIL', '2025-07-27 19:31:45.811422', 'benefitPage', 'franchiseName:CGV');
INSERT INTO public.user_action_logs VALUES (75, 9, 'BENEFIT_DETAIL', '2025-07-27 20:20:45.811422', 'benefitPage', 'franchiseName:CGV');
INSERT INTO public.user_action_logs VALUES (76, 10, 'BENEFIT_DETAIL', '2025-07-27 20:11:45.811422', 'benefitPage', 'franchiseName:CGV');
INSERT INTO public.user_action_logs VALUES (77, 3, 'BENEFIT_DETAIL', '2025-07-27 20:01:45.811422', 'benefitPage', 'franchiseName:CGV');
INSERT INTO public.user_action_logs VALUES (78, 54, 'BENEFIT_DETAIL', '2025-07-27 19:56:45.811422', 'benefitPage', 'franchiseName:CGV');
INSERT INTO public.user_action_logs VALUES (79, 42, 'BENEFIT_KEYWORD', '2025-07-27 19:22:58.653394', 'benefitPage', 'keyword:cgv');
INSERT INTO public.user_action_logs VALUES (80, 43, 'BENEFIT_KEYWORD', '2025-07-27 18:22:58.653394', 'benefitPage', 'keyword:cu');
INSERT INTO public.user_action_logs VALUES (81, 13, 'BENEFIT_KEYWORD', '2025-07-27 17:22:58.653394', 'benefitPage', 'keyword:gs');
INSERT INTO public.user_action_logs VALUES (82, 8, 'BENEFIT_KEYWORD', '2025-07-27 16:22:58.653394', 'benefitPage', 'keyword:gs25');
INSERT INTO public.user_action_logs VALUES (100, 57, 'BENEFIT_KEYWORD', '2025-07-26 22:22:58.653394', 'benefitPage', 'keyword:cgv');
INSERT INTO public.user_action_logs VALUES (101, 42, 'BENEFIT_KEYWORD', '2025-07-27 19:52:58.653394', 'benefitPage', 'keyword:도미노');
INSERT INTO public.user_action_logs VALUES (102, 43, 'BENEFIT_KEYWORD', '2025-07-27 19:37:58.653394', 'benefitPage', 'keyword:파바');
INSERT INTO public.user_action_logs VALUES (103, 13, 'BENEFIT_KEYWORD', '2025-07-27 19:32:58.653394', 'benefitPage', 'keyword:뚜레쥬르');
INSERT INTO public.user_action_logs VALUES (83, 9, 'BENEFIT_KEYWORD', '2025-07-27 15:22:58.653394', 'benefitPage', 'keyword:도미노');
INSERT INTO public.user_action_logs VALUES (84, 10, 'BENEFIT_KEYWORD', '2025-07-27 14:22:58.653394', 'benefitPage', 'keyword:메가박스');
INSERT INTO public.user_action_logs VALUES (85, 3, 'BENEFIT_KEYWORD', '2025-07-27 13:22:58.653394', 'benefitPage', 'keyword:롯데시네마');
INSERT INTO public.user_action_logs VALUES (86, 54, 'BENEFIT_KEYWORD', '2025-07-27 12:22:58.653394', 'benefitPage', 'keyword:vips');
INSERT INTO public.user_action_logs VALUES (87, 55, 'BENEFIT_KEYWORD', '2025-07-27 11:22:58.653394', 'benefitPage', 'keyword:파바');
INSERT INTO public.user_action_logs VALUES (88, 56, 'BENEFIT_KEYWORD', '2025-07-27 10:22:58.653394', 'benefitPage', 'keyword:뚜레쥬르');
INSERT INTO public.user_action_logs VALUES (89, 57, 'BENEFIT_KEYWORD', '2025-07-27 09:22:58.653394', 'benefitPage', 'keyword:맥날');
INSERT INTO public.user_action_logs VALUES (90, 42, 'BENEFIT_KEYWORD', '2025-07-27 08:22:58.653394', 'benefitPage', 'keyword:미피');
INSERT INTO public.user_action_logs VALUES (91, 43, 'BENEFIT_KEYWORD', '2025-07-27 07:22:58.653394', 'benefitPage', 'keyword:피자헛');
INSERT INTO public.user_action_logs VALUES (92, 13, 'BENEFIT_KEYWORD', '2025-07-27 06:22:58.653394', 'benefitPage', 'keyword:싱카이');
INSERT INTO public.user_action_logs VALUES (93, 8, 'BENEFIT_KEYWORD', '2025-07-27 05:22:58.653394', 'benefitPage', 'keyword:드래곤시티');
INSERT INTO public.user_action_logs VALUES (94, 9, 'BENEFIT_KEYWORD', '2025-07-27 04:22:58.653394', 'benefitPage', 'keyword:cgv');
INSERT INTO public.user_action_logs VALUES (95, 10, 'BENEFIT_KEYWORD', '2025-07-27 03:22:58.653394', 'benefitPage', 'keyword:cgv');
INSERT INTO public.user_action_logs VALUES (96, 3, 'BENEFIT_KEYWORD', '2025-07-27 02:22:58.653394', 'benefitPage', 'keyword:gs');
INSERT INTO public.user_action_logs VALUES (97, 54, 'BENEFIT_KEYWORD', '2025-07-27 01:22:58.653394', 'benefitPage', 'keyword:gs');
INSERT INTO public.user_action_logs VALUES (98, 55, 'BENEFIT_KEYWORD', '2025-07-27 00:22:58.653394', 'benefitPage', 'keyword:cu');
INSERT INTO public.user_action_logs VALUES (99, 56, 'BENEFIT_KEYWORD', '2025-07-26 23:22:58.653394', 'benefitPage', 'keyword:cu');
INSERT INTO public.user_action_logs VALUES (104, 8, 'BENEFIT_KEYWORD', '2025-07-27 20:21:58.653394', 'benefitPage', 'keyword:cgv');
INSERT INTO public.user_action_logs VALUES (105, 9, 'BENEFIT_KEYWORD', '2025-07-27 20:12:58.653394', 'benefitPage', 'keyword:gs');
INSERT INTO public.user_action_logs VALUES (106, 10, 'BENEFIT_KEYWORD', '2025-07-27 20:02:58.653394', 'benefitPage', 'keyword:gs25');
INSERT INTO public.user_action_logs VALUES (107, 3, 'BENEFIT_KEYWORD', '2025-07-27 19:57:58.653394', 'benefitPage', 'keyword:gs25');
INSERT INTO public.user_action_logs VALUES (110, 3, 'PLACE_FILTER', '2025-07-27 21:05:54.953', 'mapPage', 'category:FOOD');
INSERT INTO public.user_action_logs VALUES (111, 3, 'PLACE_FILTER', '2025-07-27 21:05:54.954', 'mapPage', 'category:BAKERY');
INSERT INTO public.user_action_logs VALUES (113, 3, 'PLACE_KEYWORD', '2025-07-27 21:06:25.946', 'mapPage', 'keyword:편의점');
INSERT INTO public.user_action_logs VALUES (115, 3, 'PLACE_KEYWORD', '2025-07-27 21:06:30.296', 'mapPage', 'keyword:맥날');
INSERT INTO public.user_action_logs VALUES (116, 3, 'PLACE_FILTER', '2025-07-27 21:08:10.3', 'mapPage', 'benefit:할인');
INSERT INTO public.user_action_logs VALUES (117, 3, 'PLACE_FILTER', '2025-07-27 21:08:10.488', 'mapPage', 'benefit:적립');
INSERT INTO public.user_action_logs VALUES (118, 3, 'PLACE_FILTER', '2025-07-27 21:08:12.383', 'mapPage', 'benefit:적립');
INSERT INTO public.user_action_logs VALUES (119, 3, 'VIEW_PLACE_DETAIL', '2025-07-27 21:20:16.177', 'mapPage', 'category:FOOD');
INSERT INTO public.user_action_logs VALUES (120, 3, 'VIEW_PLACE_DETAIL', '2025-07-27 21:20:16.195', 'mapPage', 'benefit:할인');
INSERT INTO public.user_action_logs VALUES (121, 3, 'VIEW_PLACE_DETAIL', '2025-07-27 21:20:21.871', 'mapPage', 'category:BEAUTY');
INSERT INTO public.user_action_logs VALUES (122, 3, 'VIEW_PLACE_DETAIL', '2025-07-27 21:20:21.872', 'mapPage', 'benefit:무료 서비스');
INSERT INTO public.user_action_logs VALUES (137, 3, 'DOWNLOAD_COUPON', '2025-07-28 09:40:00.165', 'mapPage', 'benefit:COUPON_PERCENT');
INSERT INTO public.user_action_logs VALUES (138, 3, 'DOWNLOAD_COUPON', '2025-07-28 09:40:00.385', 'mapPage', 'grade:VVIP');


--
-- TOC entry 5619 (class 0 OID 25944)
-- Dependencies: 271
-- Data for Name: user_action_summary; Type: TABLE DATA; Schema: public; Owner: -
--

INSERT INTO public.user_action_summary VALUES ('FAVORITE_ON', 'BENEFIT', '무료 서비스', 1, 2, '2025-07-27');
INSERT INTO public.user_action_summary VALUES ('BENEFIT_DETAIL', 'FRANCHISE', 'cgv', 6, 13, '2025-07-27');
INSERT INTO public.user_action_summary VALUES ('BENEFIT_DETAIL', 'FRANCHISE', '맥도날드', 2, 3, '2025-07-27');
INSERT INTO public.user_action_summary VALUES ('BENEFIT_DETAIL', 'FRANCHISE', 'gs the fresh', 2, 2, '2025-07-27');
INSERT INTO public.user_action_summary VALUES ('BENEFIT_DETAIL', 'FRANCHISE', '피자헛', 1, 1, '2025-07-27');
INSERT INTO public.user_action_summary VALUES ('BENEFIT_DETAIL', 'FRANCHISE', '유가네닭갈비', 1, 1, '2025-07-27');
INSERT INTO public.user_action_summary VALUES ('BENEFIT_CATEGORY', 'CATEGORY', 'bakery', 1, 1, '2025-07-27');
INSERT INTO public.user_action_summary VALUES ('BENEFIT_KEYWORD', 'KEYWORD', 'gs', 4, 6, '2025-07-27');
INSERT INTO public.user_action_summary VALUES ('BENEFIT_KEYWORD', 'KEYWORD', 'cgv', 5, 6, '2025-07-27');
INSERT INTO public.user_action_summary VALUES ('BENEFIT_KEYWORD', 'KEYWORD', 'cu', 3, 3, '2025-07-27');
INSERT INTO public.user_action_summary VALUES ('BENEFIT_DETAIL', 'FRANCHISE', '메가박스', 1, 1, '2025-07-27');
INSERT INTO public.user_action_summary VALUES ('BENEFIT_DETAIL', 'FRANCHISE', '굽네치킨', 1, 1, '2025-07-27');
INSERT INTO public.user_action_summary VALUES ('BENEFIT_DETAIL', 'FRANCHISE', 'cu', 1, 1, '2025-07-27');
INSERT INTO public.user_action_summary VALUES ('BENEFIT_DETAIL', 'FRANCHISE', '도미노피자', 1, 1, '2025-07-27');
INSERT INTO public.user_action_summary VALUES ('BENEFIT_DETAIL', 'FRANCHISE', '미스터피자', 1, 1, '2025-07-27');
INSERT INTO public.user_action_summary VALUES ('BENEFIT_DETAIL', 'FRANCHISE', '브레댄코', 1, 1, '2025-07-27');
INSERT INTO public.user_action_summary VALUES ('BENEFIT_DETAIL', 'FRANCHISE', '파리바게뜨', 1, 1, '2025-07-27');
INSERT INTO public.user_action_summary VALUES ('BENEFIT_DETAIL', 'FRANCHISE', '서울드래곤시티', 1, 1, '2025-07-27');
INSERT INTO public.user_action_summary VALUES ('BENEFIT_DETAIL', 'FRANCHISE', 'vips', 1, 1, '2025-07-27');
INSERT INTO public.user_action_summary VALUES ('BENEFIT_DETAIL', 'FRANCHISE', '더플레이스', 1, 1, '2025-07-27');
INSERT INTO public.user_action_summary VALUES ('BENEFIT_DETAIL', 'FRANCHISE', '뚜레쥬르', 1, 1, '2025-07-27');
INSERT INTO public.user_action_summary VALUES ('BENEFIT_DETAIL', 'FRANCHISE', 'gs 25', 1, 1, '2025-07-27');
INSERT INTO public.user_action_summary VALUES ('BENEFIT_DETAIL', 'FRANCHISE', '그라운드시소', 1, 1, '2025-07-27');
INSERT INTO public.user_action_summary VALUES ('BENEFIT_DETAIL', 'FRANCHISE', '싱카이', 1, 1, '2025-07-27');
INSERT INTO public.user_action_summary VALUES ('BENEFIT_DETAIL', 'FRANCHISE', '파리크라상', 1, 1, '2025-07-27');
INSERT INTO public.user_action_summary VALUES ('BENEFIT_DETAIL', 'FRANCHISE', '아쿠아플라넷', 1, 1, '2025-07-27');
INSERT INTO public.user_action_summary VALUES ('BENEFIT_DETAIL', 'FRANCHISE', '롯데시네마', 1, 1, '2025-07-27');
INSERT INTO public.user_action_summary VALUES ('BENEFIT_DETAIL', 'FRANCHISE', '유앤아이피부과의원', 1, 1, '2025-07-27');
INSERT INTO public.user_action_summary VALUES ('BENEFIT_KEYWORD', 'KEYWORD', 'gs25', 3, 3, '2025-07-27');
INSERT INTO public.user_action_summary VALUES ('BENEFIT_KEYWORD', 'KEYWORD', '도미노', 2, 2, '2025-07-27');
INSERT INTO public.user_action_summary VALUES ('BENEFIT_KEYWORD', 'KEYWORD', '파바', 2, 2, '2025-07-27');
INSERT INTO public.user_action_summary VALUES ('BENEFIT_KEYWORD', 'KEYWORD', '뚜레쥬르', 2, 2, '2025-07-27');
INSERT INTO public.user_action_summary VALUES ('BENEFIT_KEYWORD', 'KEYWORD', '메가박스', 1, 1, '2025-07-27');
INSERT INTO public.user_action_summary VALUES ('BENEFIT_KEYWORD', 'KEYWORD', '롯데시네마', 1, 1, '2025-07-27');
INSERT INTO public.user_action_summary VALUES ('BENEFIT_KEYWORD', 'KEYWORD', 'vips', 1, 1, '2025-07-27');
INSERT INTO public.user_action_summary VALUES ('BENEFIT_KEYWORD', 'KEYWORD', '맥날', 1, 1, '2025-07-27');
INSERT INTO public.user_action_summary VALUES ('BENEFIT_KEYWORD', 'KEYWORD', '미피', 1, 1, '2025-07-27');
INSERT INTO public.user_action_summary VALUES ('BENEFIT_KEYWORD', 'KEYWORD', '피자헛', 1, 1, '2025-07-27');
INSERT INTO public.user_action_summary VALUES ('BENEFIT_KEYWORD', 'KEYWORD', '싱카이', 1, 1, '2025-07-27');
INSERT INTO public.user_action_summary VALUES ('BENEFIT_KEYWORD', 'KEYWORD', '드래곤시티', 1, 1, '2025-07-27');
INSERT INTO public.user_action_summary VALUES ('PLACE_KEYWORD', 'KEYWORD', '편의점', 1, 1, '2025-07-27');
INSERT INTO public.user_action_summary VALUES ('PLACE_KEYWORD', 'KEYWORD', '맥날', 1, 1, '2025-07-27');
INSERT INTO public.user_action_summary VALUES ('PLACE_FILTER', 'BENEFIT', '할인', 1, 1, '2025-07-27');
INSERT INTO public.user_action_summary VALUES ('PLACE_FILTER', 'BENEFIT', '적립', 1, 2, '2025-07-27');
INSERT INTO public.user_action_summary VALUES ('VIEW_PLACE_DETAIL', 'BENEFIT', '할인', 1, 1, '2025-07-27');
INSERT INTO public.user_action_summary VALUES ('VIEW_PLACE_DETAIL', 'BENEFIT', '무료 서비스', 1, 1, '2025-07-27');


--
-- TOC entry 5622 (class 0 OID 25968)
-- Dependencies: 274
-- Data for Name: user_coupon; Type: TABLE DATA; Schema: public; Owner: -
--



--
-- TOC entry 5602 (class 0 OID 22336)
-- Dependencies: 254
-- Data for Name: user_coupons; Type: TABLE DATA; Schema: public; Owner: -
--

INSERT INTO public.user_coupons VALUES (20, 3, 82, 'UNUSED', 'a3a27d01d4864b31', '2025-07-25 09:22:09.78424', NULL);
INSERT INTO public.user_coupons VALUES (22, 56, 45, 'UNUSED', '6178f5cde86440c8', '2025-07-25 05:04:16.307152', NULL);
INSERT INTO public.user_coupons VALUES (40, 3, 258, 'UNUSED', 'a59da9d26b424078', '2025-07-26 23:05:50.033015', NULL);
INSERT INTO public.user_coupons VALUES (41, 3, 266, 'UNUSED', 'a36be62402494c28', '2025-07-27 09:42:14.852177', NULL);
INSERT INTO public.user_coupons VALUES (42, 3, 280, 'UNUSED', '7f0bf194a81445f9', '2025-07-27 12:18:33.008482', NULL);
INSERT INTO public.user_coupons VALUES (44, 3, 75, 'UNUSED', '8cc2df00fa2c4005', '2025-07-28 09:39:59.941806', NULL);


--
-- TOC entry 5585 (class 0 OID 22269)
-- Dependencies: 237
-- Data for Name: user_histories; Type: TABLE DATA; Schema: public; Owner: -
--



--
-- TOC entry 5587 (class 0 OID 22277)
-- Dependencies: 239
-- Data for Name: users; Type: TABLE DATA; Schema: public; Owner: -
--

INSERT INTO public.users VALUES (42, '이본규', 'lbk6661@gmail.com', NULL, '$2a$10$UOg9Y/WOYuFpLSqAAXUHKukkCGsMUVT3BQ4hEBKNT9jZMml4Jv1O.', NULL, 'BASIC', NULL, '2025-07-24 06:49:51.957947', '2025-07-24 06:49:51.957947', false, NULL, 'GOOGLE', '113400469781118897644');
INSERT INTO public.users VALUES (58, '임재찬', 'jaesikgoon0327@gmail.com', NULL, NULL, NULL, 'BASIC', NULL, '2025-07-27 18:46:58.113856', '2025-07-27 18:46:58.113856', false, NULL, 'GOOGLE', '105755102200322583636');
INSERT INTO public.users VALUES (59, '뚱이', 'alex8396@naver.com', NULL, NULL, NULL, 'BASIC', NULL, '2025-07-28 00:12:03.06104', '2025-07-28 00:12:03.06104', false, NULL, 'GOOGLE', '108027927648546923425');
INSERT INTO public.users VALUES (3, '홍길동', 'test1@test.com', '010-2344-2342', '$2a$10$2XjoOABI8ZE0a5adC99Ci.Ff2TKcde2fQMUaK/gcWCjSZ3ySWQXZW', '2000-01-02 00:00:00', 'VIP', 'M', '2025-07-11 16:00:01.405399', '2025-07-28 10:16:15.339292', true, '6634488a32174f61', 'GOOGLE', NULL);
INSERT INTO public.users VALUES (43, '한세영', 'akdlrnal0705@gmail.com', NULL, NULL, NULL, 'BASIC', NULL, '2025-07-24 06:52:09.072939', '2025-07-24 06:52:09.072939', false, NULL, 'GOOGLE', '100139401011963664373');
INSERT INTO public.users VALUES (13, '테스트이용자', 'test1@example.com', '010-2344-2342', '$2a$10$vGmJhcRwN9dbC6V3fgF4EuDXCL2xyxAzTF.BuXJFct2TP.4OS3Jke', '2000-01-02 00:00:00', 'VIP', 'M', '2025-07-11 17:13:43.160772', '2025-07-11 17:13:43.160772', false, '6634488a32174f68', 'EMAIL', NULL);
INSERT INTO public.users VALUES (8, '테스트유저112', 'test@example.com', '010-2344-2342', '$2a$10$eCBX6EUrvtwhUtfe38UF8uQ5P8pakh88UfDtT1E67DfmnbxLR1dby', '2000-01-02 00:00:00', 'VIP', 'M', '2025-07-11 16:44:52.122591', '2025-07-11 16:44:52.122591', false, NULL, 'EMAIL', NULL);
INSERT INTO public.users VALUES (9, '정성빈', 'tjdqls3607@nate.com', NULL, NULL, NULL, 'VIP', NULL, '2025-07-11 17:01:18.675392', '2025-07-11 17:01:18.675392', true, '916e16d9556c4eb7', 'EMAIL', NULL);
INSERT INTO public.users VALUES (10, '정성빈', 'seongbin3607@gmail.com', NULL, NULL, NULL, 'VIP', NULL, '2025-07-11 17:01:36.429697', '2025-07-11 17:01:36.429697', true, '0fc8ca010e1e42f3', 'EMAIL', NULL);
INSERT INTO public.users VALUES (54, '김준서', 'rlawnstj901@gmail.com', '11111', NULL, '2000-05-06 00:00:00', 'BASIC', 'M', '2025-07-25 00:41:32.176072', '2025-07-25 00:41:58.655776', true, '4aa45cfab6e14783', 'GOOGLE', '108867078287672675728');
INSERT INTO public.users VALUES (55, '김준서1', 'wnstj90@naver.com', '111111616', '$2a$10$veFueqIJlfMKgmpLrwWwaeuEDvZL9aQyqkWBhgC5UYAoa9F98HXuC', '2000-05-06 00:00:00', 'BASIC', 'M', '2025-07-25 01:36:17.742843', '2025-07-25 01:36:17.742843', true, '481d111b1deb4ae8', 'EMAIL', NULL);
INSERT INTO public.users VALUES (56, '임재찬', 'imjaechan6@gmail.com', '0', NULL, '2000-01-01 00:00:00', 'BASIC', 'M', '2025-07-25 04:51:30.737723', '2025-07-25 04:52:00.474782', true, 'f761e93807e745d2', 'GOOGLE', '105206053047882188241');
INSERT INTO public.users VALUES (57, '홍석준', 'seokjun09@gmail.com', NULL, NULL, NULL, 'BASIC', NULL, '2025-07-26 13:46:14.290361', '2025-07-26 13:46:14.290361', false, NULL, 'GOOGLE', '108817241034740714408');


--
-- TOC entry 5334 (class 0 OID 22080)
-- Dependencies: 227
-- Data for Name: topology; Type: TABLE DATA; Schema: topology; Owner: -
--



--
-- TOC entry 5335 (class 0 OID 22092)
-- Dependencies: 228
-- Data for Name: layer; Type: TABLE DATA; Schema: topology; Owner: -
--



--
-- TOC entry 5637 (class 0 OID 0)
-- Dependencies: 255
-- Name: admins_admin_id_seq; Type: SEQUENCE SET; Schema: public; Owner: -
--

SELECT pg_catalog.setval('public.admins_admin_id_seq', 3, true);


--
-- TOC entry 5638 (class 0 OID 0)
-- Dependencies: 251
-- Name: coupon_templates_coupon_templates_id_seq; Type: SEQUENCE SET; Schema: public; Owner: -
--

SELECT pg_catalog.setval('public.coupon_templates_coupon_templates_id_seq', 292, true);


--
-- TOC entry 5639 (class 0 OID 0)
-- Dependencies: 232
-- Name: discount_policy_detail_discount_policy_detail_id_seq; Type: SEQUENCE SET; Schema: public; Owner: -
--

SELECT pg_catalog.setval('public.discount_policy_detail_discount_policy_detail_id_seq', 105, true);


--
-- TOC entry 5640 (class 0 OID 0)
-- Dependencies: 263
-- Name: event_places_event_places_id_seq; Type: SEQUENCE SET; Schema: public; Owner: -
--

SELECT pg_catalog.setval('public.event_places_event_places_id_seq', 16, true);


--
-- TOC entry 5641 (class 0 OID 0)
-- Dependencies: 259
-- Name: favorite_places_favorite_places_id_seq; Type: SEQUENCE SET; Schema: public; Owner: -
--

SELECT pg_catalog.setval('public.favorite_places_favorite_places_id_seq', 10, true);


--
-- TOC entry 5642 (class 0 OID 0)
-- Dependencies: 267
-- Name: franchise_discount_policy_id_seq; Type: SEQUENCE SET; Schema: public; Owner: -
--

SELECT pg_catalog.setval('public.franchise_discount_policy_id_seq', 78, true);


--
-- TOC entry 5643 (class 0 OID 0)
-- Dependencies: 257
-- Name: franchise_franchise_id_seq; Type: SEQUENCE SET; Schema: public; Owner: -
--

SELECT pg_catalog.setval('public.franchise_franchise_id_seq', 1, false);


--
-- TOC entry 5644 (class 0 OID 0)
-- Dependencies: 265
-- Name: franchises_id_seq; Type: SEQUENCE SET; Schema: public; Owner: -
--

SELECT pg_catalog.setval('public.franchises_id_seq', 25, true);


--
-- TOC entry 5645 (class 0 OID 0)
-- Dependencies: 268
-- Name: owners_owner_id_seq; Type: SEQUENCE SET; Schema: public; Owner: -
--

SELECT pg_catalog.setval('public.owners_owner_id_seq', 1, false);


--
-- TOC entry 5646 (class 0 OID 0)
-- Dependencies: 249
-- Name: places_places_id_seq; Type: SEQUENCE SET; Schema: public; Owner: -
--

SELECT pg_catalog.setval('public.places_places_id_seq', 465, true);


--
-- TOC entry 5647 (class 0 OID 0)
-- Dependencies: 261
-- Name: pos_histories_pos_histories_id_seq; Type: SEQUENCE SET; Schema: public; Owner: -
--

SELECT pg_catalog.setval('public.pos_histories_pos_histories_id_seq', 1, false);


--
-- TOC entry 5648 (class 0 OID 0)
-- Dependencies: 242
-- Name: pos_pos_id_seq; Type: SEQUENCE SET; Schema: public; Owner: -
--

SELECT pg_catalog.setval('public.pos_pos_id_seq', 307, true);


--
-- TOC entry 5649 (class 0 OID 0)
-- Dependencies: 247
-- Name: roulette_results_roulette_results_id_seq; Type: SEQUENCE SET; Schema: public; Owner: -
--

SELECT pg_catalog.setval('public.roulette_results_roulette_results_id_seq', 9, true);


--
-- TOC entry 5650 (class 0 OID 0)
-- Dependencies: 245
-- Name: stamps_stamps_id_seq; Type: SEQUENCE SET; Schema: public; Owner: -
--

SELECT pg_catalog.setval('public.stamps_stamps_id_seq', 9, true);


--
-- TOC entry 5651 (class 0 OID 0)
-- Dependencies: 234
-- Name: store_owners_owner_id_seq; Type: SEQUENCE SET; Schema: public; Owner: -
--

SELECT pg_catalog.setval('public.store_owners_owner_id_seq', 307, true);


--
-- TOC entry 5652 (class 0 OID 0)
-- Dependencies: 240
-- Name: unear_events_unear_events_id_seq; Type: SEQUENCE SET; Schema: public; Owner: -
--

SELECT pg_catalog.setval('public.unear_events_unear_events_id_seq', 1, true);


--
-- TOC entry 5653 (class 0 OID 0)
-- Dependencies: 272
-- Name: user_action_logs_id_seq; Type: SEQUENCE SET; Schema: public; Owner: -
--

SELECT pg_catalog.setval('public.user_action_logs_id_seq', 138, true);


--
-- TOC entry 5654 (class 0 OID 0)
-- Dependencies: 253
-- Name: user_coupons_user_coupons_id_seq; Type: SEQUENCE SET; Schema: public; Owner: -
--

SELECT pg_catalog.setval('public.user_coupons_user_coupons_id_seq', 45, true);


--
-- TOC entry 5655 (class 0 OID 0)
-- Dependencies: 236
-- Name: user_histories_user_histories_id_seq; Type: SEQUENCE SET; Schema: public; Owner: -
--

SELECT pg_catalog.setval('public.user_histories_user_histories_id_seq', 1, false);


--
-- TOC entry 5656 (class 0 OID 0)
-- Dependencies: 238
-- Name: users_user_id_seq; Type: SEQUENCE SET; Schema: public; Owner: -
--

SELECT pg_catalog.setval('public.users_user_id_seq', 59, true);


--
-- TOC entry 5657 (class 0 OID 0)
-- Dependencies: 226
-- Name: topology_id_seq; Type: SEQUENCE SET; Schema: topology; Owner: -
--

SELECT pg_catalog.setval('topology.topology_id_seq', 1, false);


--
-- TOC entry 5403 (class 2606 OID 25942)
-- Name: user_action_logs PK_USER_ACTION_LOGS; Type: CONSTRAINT; Schema: public; Owner: -
--

ALTER TABLE ONLY public.user_action_logs
    ADD CONSTRAINT "PK_USER_ACTION_LOGS" PRIMARY KEY (user_action_log_id);


--
-- TOC entry 5387 (class 2606 OID 22350)
-- Name: admins admins_pkey; Type: CONSTRAINT; Schema: public; Owner: -
--

ALTER TABLE ONLY public.admins
    ADD CONSTRAINT admins_pkey PRIMARY KEY (admin_id);


--
-- TOC entry 5405 (class 2606 OID 25967)
-- Name: coupon_template coupon_template_pkey; Type: CONSTRAINT; Schema: public; Owner: -
--

ALTER TABLE ONLY public.coupon_template
    ADD CONSTRAINT coupon_template_pkey PRIMARY KEY (coupon_template_id);


--
-- TOC entry 5379 (class 2606 OID 22334)
-- Name: coupon_templates coupon_templates_pkey; Type: CONSTRAINT; Schema: public; Owner: -
--

ALTER TABLE ONLY public.coupon_templates
    ADD CONSTRAINT coupon_templates_pkey PRIMARY KEY (coupon_template_id);


--
-- TOC entry 5356 (class 2606 OID 22259)
-- Name: general_discount_policy discount_policy_detail_pkey; Type: CONSTRAINT; Schema: public; Owner: -
--

ALTER TABLE ONLY public.general_discount_policy
    ADD CONSTRAINT discount_policy_detail_pkey PRIMARY KEY (general_discount_policy_id);


--
-- TOC entry 5395 (class 2606 OID 22378)
-- Name: event_places event_places_pkey; Type: CONSTRAINT; Schema: public; Owner: -
--

ALTER TABLE ONLY public.event_places
    ADD CONSTRAINT event_places_pkey PRIMARY KEY (event_place_id);


--
-- TOC entry 5391 (class 2606 OID 22364)
-- Name: favorite_places favorite_places_pkey; Type: CONSTRAINT; Schema: public; Owner: -
--

ALTER TABLE ONLY public.favorite_places
    ADD CONSTRAINT favorite_places_pkey PRIMARY KEY (favorite_place_id);


--
-- TOC entry 5389 (class 2606 OID 22985)
-- Name: franchise_discount_policy franchise_discount_policy_pkey; Type: CONSTRAINT; Schema: public; Owner: -
--

ALTER TABLE ONLY public.franchise_discount_policy
    ADD CONSTRAINT franchise_discount_policy_pkey PRIMARY KEY (franchise_discount_policy_id);


--
-- TOC entry 5397 (class 2606 OID 23114)
-- Name: franchises franchises_name_key; Type: CONSTRAINT; Schema: public; Owner: -
--

ALTER TABLE ONLY public.franchises
    ADD CONSTRAINT franchises_name_key UNIQUE (name);


--
-- TOC entry 5399 (class 2606 OID 23088)
-- Name: franchises franchises_pkey; Type: CONSTRAINT; Schema: public; Owner: -
--

ALTER TABLE ONLY public.franchises
    ADD CONSTRAINT franchises_pkey PRIMARY KEY (franchise_id);


--
-- TOC entry 5401 (class 2606 OID 25935)
-- Name: owners owners_pkey; Type: CONSTRAINT; Schema: public; Owner: -
--

ALTER TABLE ONLY public.owners
    ADD CONSTRAINT owners_pkey PRIMARY KEY (owner_id);


--
-- TOC entry 5377 (class 2606 OID 22326)
-- Name: places places_pkey; Type: CONSTRAINT; Schema: public; Owner: -
--

ALTER TABLE ONLY public.places
    ADD CONSTRAINT places_pkey PRIMARY KEY (place_id);


--
-- TOC entry 5393 (class 2606 OID 22370)
-- Name: pos_histories pos_histories_pkey; Type: CONSTRAINT; Schema: public; Owner: -
--

ALTER TABLE ONLY public.pos_histories
    ADD CONSTRAINT pos_histories_pkey PRIMARY KEY (pos_history_id);


--
-- TOC entry 5368 (class 2606 OID 22297)
-- Name: pos pos_pkey; Type: CONSTRAINT; Schema: public; Owner: -
--

ALTER TABLE ONLY public.pos
    ADD CONSTRAINT pos_pkey PRIMARY KEY (pos_id);


--
-- TOC entry 5374 (class 2606 OID 22318)
-- Name: roulette_results roulette_results_pkey; Type: CONSTRAINT; Schema: public; Owner: -
--

ALTER TABLE ONLY public.roulette_results
    ADD CONSTRAINT roulette_results_pkey PRIMARY KEY (roulette_result_id);


--
-- TOC entry 5372 (class 2606 OID 22310)
-- Name: stamps stamps_pkey; Type: CONSTRAINT; Schema: public; Owner: -
--

ALTER TABLE ONLY public.stamps
    ADD CONSTRAINT stamps_pkey PRIMARY KEY (stamp_id);


--
-- TOC entry 5358 (class 2606 OID 22267)
-- Name: store_owners store_owners_pkey; Type: CONSTRAINT; Schema: public; Owner: -
--

ALTER TABLE ONLY public.store_owners
    ADD CONSTRAINT store_owners_pkey PRIMARY KEY (owner_id);


--
-- TOC entry 5381 (class 2606 OID 23567)
-- Name: coupon_templates uk8ajm1maw526sv7kfnked02uoh; Type: CONSTRAINT; Schema: public; Owner: -
--

ALTER TABLE ONLY public.coupon_templates
    ADD CONSTRAINT uk8ajm1maw526sv7kfnked02uoh UNIQUE (unear_event_id);


--
-- TOC entry 5383 (class 2606 OID 23646)
-- Name: user_coupons uk_user_coupon; Type: CONSTRAINT; Schema: public; Owner: -
--

ALTER TABLE ONLY public.user_coupons
    ADD CONSTRAINT uk_user_coupon UNIQUE (user_id, coupon_template_id);


--
-- TOC entry 5364 (class 2606 OID 23761)
-- Name: unear_events ukr478v5vrybpqvkomb5w6q45t1; Type: CONSTRAINT; Schema: public; Owner: -
--

ALTER TABLE ONLY public.unear_events
    ADD CONSTRAINT ukr478v5vrybpqvkomb5w6q45t1 UNIQUE (popup_store_id);


--
-- TOC entry 5366 (class 2606 OID 22291)
-- Name: unear_events unear_events_pkey; Type: CONSTRAINT; Schema: public; Owner: -
--

ALTER TABLE ONLY public.unear_events
    ADD CONSTRAINT unear_events_pkey PRIMARY KEY (unear_event_id);


--
-- TOC entry 5370 (class 2606 OID 25847)
-- Name: pos uq_pos_place_id; Type: CONSTRAINT; Schema: public; Owner: -
--

ALTER TABLE ONLY public.pos
    ADD CONSTRAINT uq_pos_place_id UNIQUE (place_id);


--
-- TOC entry 5407 (class 2606 OID 25974)
-- Name: user_coupon user_coupon_pkey; Type: CONSTRAINT; Schema: public; Owner: -
--

ALTER TABLE ONLY public.user_coupon
    ADD CONSTRAINT user_coupon_pkey PRIMARY KEY (user_coupon_id);


--
-- TOC entry 5385 (class 2606 OID 22342)
-- Name: user_coupons user_coupons_pkey; Type: CONSTRAINT; Schema: public; Owner: -
--

ALTER TABLE ONLY public.user_coupons
    ADD CONSTRAINT user_coupons_pkey PRIMARY KEY (user_coupon_id);


--
-- TOC entry 5360 (class 2606 OID 22275)
-- Name: user_histories user_histories_pkey; Type: CONSTRAINT; Schema: public; Owner: -
--

ALTER TABLE ONLY public.user_histories
    ADD CONSTRAINT user_histories_pkey PRIMARY KEY (user_history_id);


--
-- TOC entry 5362 (class 2606 OID 22283)
-- Name: users users_pkey; Type: CONSTRAINT; Schema: public; Owner: -
--

ALTER TABLE ONLY public.users
    ADD CONSTRAINT users_pkey PRIMARY KEY (user_id);


--
-- TOC entry 5375 (class 1259 OID 23800)
-- Name: idx_places_location; Type: INDEX; Schema: public; Owner: -
--

CREATE INDEX idx_places_location ON public.places USING gist (location);


--
-- TOC entry 5421 (class 2606 OID 22439)
-- Name: user_coupons FK_coupon_templates_TO_user_coupons_1; Type: FK CONSTRAINT; Schema: public; Owner: -
--

ALTER TABLE ONLY public.user_coupons
    ADD CONSTRAINT "FK_coupon_templates_TO_user_coupons_1" FOREIGN KEY (coupon_template_id) REFERENCES public.coupon_templates(coupon_template_id);


--
-- TOC entry 5415 (class 2606 OID 22414)
-- Name: stamps FK_event_places_TO_stamps_1; Type: FK CONSTRAINT; Schema: public; Owner: -
--

ALTER TABLE ONLY public.stamps
    ADD CONSTRAINT "FK_event_places_TO_stamps_1" FOREIGN KEY (event_place_id) REFERENCES public.event_places(event_place_id);


--
-- TOC entry 5408 (class 2606 OID 22379)
-- Name: general_discount_policy FK_places_TO_discount_policy_detail_1; Type: FK CONSTRAINT; Schema: public; Owner: -
--

ALTER TABLE ONLY public.general_discount_policy
    ADD CONSTRAINT "FK_places_TO_discount_policy_detail_1" FOREIGN KEY (place_id) REFERENCES public.places(place_id);


--
-- TOC entry 5428 (class 2606 OID 22469)
-- Name: event_places FK_places_TO_event_places_1; Type: FK CONSTRAINT; Schema: public; Owner: -
--

ALTER TABLE ONLY public.event_places
    ADD CONSTRAINT "FK_places_TO_event_places_1" FOREIGN KEY (place_id) REFERENCES public.places(place_id);


--
-- TOC entry 5424 (class 2606 OID 22444)
-- Name: favorite_places FK_places_TO_favorite_places_1; Type: FK CONSTRAINT; Schema: public; Owner: -
--

ALTER TABLE ONLY public.favorite_places
    ADD CONSTRAINT "FK_places_TO_favorite_places_1" FOREIGN KEY (place_id) REFERENCES public.places(place_id);


--
-- TOC entry 5414 (class 2606 OID 22404)
-- Name: pos FK_places_TO_pos_1; Type: FK CONSTRAINT; Schema: public; Owner: -
--

ALTER TABLE ONLY public.pos
    ADD CONSTRAINT "FK_places_TO_pos_1" FOREIGN KEY (place_id) REFERENCES public.places(place_id);


--
-- TOC entry 5410 (class 2606 OID 22399)
-- Name: user_histories FK_places_TO_user_histories_1; Type: FK CONSTRAINT; Schema: public; Owner: -
--

ALTER TABLE ONLY public.user_histories
    ADD CONSTRAINT "FK_places_TO_user_histories_1" FOREIGN KEY (place_id) REFERENCES public.places(place_id);


--
-- TOC entry 5426 (class 2606 OID 22454)
-- Name: pos_histories FK_pos_TO_pos_histories_1; Type: FK CONSTRAINT; Schema: public; Owner: -
--

ALTER TABLE ONLY public.pos_histories
    ADD CONSTRAINT "FK_pos_TO_pos_histories_1" FOREIGN KEY (pos_id) REFERENCES public.pos(pos_id);


--
-- TOC entry 5409 (class 2606 OID 22384)
-- Name: store_owners FK_pos_TO_store_owners_1; Type: FK CONSTRAINT; Schema: public; Owner: -
--

ALTER TABLE ONLY public.store_owners
    ADD CONSTRAINT "FK_pos_TO_store_owners_1" FOREIGN KEY (pos_id) REFERENCES public.pos(pos_id);


--
-- TOC entry 5429 (class 2606 OID 22464)
-- Name: event_places FK_unear_events_TO_event_places_1; Type: FK CONSTRAINT; Schema: public; Owner: -
--

ALTER TABLE ONLY public.event_places
    ADD CONSTRAINT "FK_unear_events_TO_event_places_1" FOREIGN KEY (unear_event_id) REFERENCES public.unear_events(unear_event_id);


--
-- TOC entry 5417 (class 2606 OID 22419)
-- Name: roulette_results FK_unear_events_TO_roulette_results_1; Type: FK CONSTRAINT; Schema: public; Owner: -
--

ALTER TABLE ONLY public.roulette_results
    ADD CONSTRAINT "FK_unear_events_TO_roulette_results_1" FOREIGN KEY (unear_event_id) REFERENCES public.unear_events(unear_event_id);


--
-- TOC entry 5411 (class 2606 OID 22394)
-- Name: user_histories FK_user_coupons_TO_user_histories_1; Type: FK CONSTRAINT; Schema: public; Owner: -
--

ALTER TABLE ONLY public.user_histories
    ADD CONSTRAINT "FK_user_coupons_TO_user_histories_1" FOREIGN KEY (user_coupon_id) REFERENCES public.user_coupons(user_coupon_id);


--
-- TOC entry 5427 (class 2606 OID 22459)
-- Name: pos_histories FK_user_histories_TO_pos_histories_1; Type: FK CONSTRAINT; Schema: public; Owner: -
--

ALTER TABLE ONLY public.pos_histories
    ADD CONSTRAINT "FK_user_histories_TO_pos_histories_1" FOREIGN KEY (user_history_id) REFERENCES public.user_histories(user_history_id);


--
-- TOC entry 5425 (class 2606 OID 22449)
-- Name: favorite_places FK_users_TO_favorite_places_1; Type: FK CONSTRAINT; Schema: public; Owner: -
--

ALTER TABLE ONLY public.favorite_places
    ADD CONSTRAINT "FK_users_TO_favorite_places_1" FOREIGN KEY (user_id) REFERENCES public.users(user_id);


--
-- TOC entry 5418 (class 2606 OID 22424)
-- Name: roulette_results FK_users_TO_roulette_results_1; Type: FK CONSTRAINT; Schema: public; Owner: -
--

ALTER TABLE ONLY public.roulette_results
    ADD CONSTRAINT "FK_users_TO_roulette_results_1" FOREIGN KEY (user_id) REFERENCES public.users(user_id);


--
-- TOC entry 5416 (class 2606 OID 22409)
-- Name: stamps FK_users_TO_stamps_1; Type: FK CONSTRAINT; Schema: public; Owner: -
--

ALTER TABLE ONLY public.stamps
    ADD CONSTRAINT "FK_users_TO_stamps_1" FOREIGN KEY (user_id) REFERENCES public.users(user_id);


--
-- TOC entry 5422 (class 2606 OID 22434)
-- Name: user_coupons FK_users_TO_user_coupons_1; Type: FK CONSTRAINT; Schema: public; Owner: -
--

ALTER TABLE ONLY public.user_coupons
    ADD CONSTRAINT "FK_users_TO_user_coupons_1" FOREIGN KEY (user_id) REFERENCES public.users(user_id);


--
-- TOC entry 5412 (class 2606 OID 22389)
-- Name: user_histories FK_users_TO_user_histories_1; Type: FK CONSTRAINT; Schema: public; Owner: -
--

ALTER TABLE ONLY public.user_histories
    ADD CONSTRAINT "FK_users_TO_user_histories_1" FOREIGN KEY (user_id) REFERENCES public.users(user_id);


--
-- TOC entry 5413 (class 2606 OID 23762)
-- Name: unear_events fk3485g9uc7mx4m2ebc3qmpe6kt; Type: FK CONSTRAINT; Schema: public; Owner: -
--

ALTER TABLE ONLY public.unear_events
    ADD CONSTRAINT fk3485g9uc7mx4m2ebc3qmpe6kt FOREIGN KEY (popup_store_id) REFERENCES public.places(place_id);


--
-- TOC entry 5423 (class 2606 OID 23094)
-- Name: franchise_discount_policy fk_franchise_discount_policy_franchise; Type: FK CONSTRAINT; Schema: public; Owner: -
--

ALTER TABLE ONLY public.franchise_discount_policy
    ADD CONSTRAINT fk_franchise_discount_policy_franchise FOREIGN KEY (franchise_id) REFERENCES public.franchises(franchise_id) ON DELETE CASCADE;


--
-- TOC entry 5419 (class 2606 OID 23089)
-- Name: places fk_places_franchise; Type: FK CONSTRAINT; Schema: public; Owner: -
--

ALTER TABLE ONLY public.places
    ADD CONSTRAINT fk_places_franchise FOREIGN KEY (franchise_id) REFERENCES public.franchises(franchise_id) ON DELETE SET NULL;


--
-- TOC entry 5420 (class 2606 OID 23568)
-- Name: coupon_templates fko9veqhv46hqvyu8j1tws3hp3i; Type: FK CONSTRAINT; Schema: public; Owner: -
--

ALTER TABLE ONLY public.coupon_templates
    ADD CONSTRAINT fko9veqhv46hqvyu8j1tws3hp3i FOREIGN KEY (unear_event_id) REFERENCES public.unear_events(unear_event_id);


--
-- TOC entry 5629 (class 0 OID 0)
-- Dependencies: 8
-- Name: SCHEMA public; Type: ACL; Schema: -; Owner: -
--

REVOKE USAGE ON SCHEMA public FROM PUBLIC;


-- Completed on 2025-07-28 10:21:04 KST

--
-- PostgreSQL database dump complete
--

